name,safety,cat,group,year,count,pct,n,grouplab,lower,upper
At public transport stops and stations,'Very safe' or 'safe',Age group,18-34 years,2020,220,70.3,313,18-34 years (n= 313),65.0036196590767,75.07951859962934
At public transport stops and stations,'Very safe' or 'safe',Age group,35-49 years,2020,208,80,260,35-49 years (n= 260),74.7169369906119,84.40947956927272
At public transport stops and stations,'Very safe' or 'safe',Age group,50-64 years,2020,161,79.3,203,50-64 years (n= 203),73.21881591242901,84.31317050773941
At public transport stops and stations,'Very safe' or 'safe',Age group,65+ years,2020,143,82.2,174,65+ years (n= 174),75.82209841265338,87.15534269848949
At public transport stops and stations,'Very safe' or 'safe',Gender,Female,2020,359,79.2,453,Female (n= 453),75.27678253399768,82.730211989678
At public transport stops and stations,'Very safe' or 'safe',Gender,Male,2020,335,74.4,450,Male (n= 450),70.21934085469354,78.25573688978345
At public transport stops and stations,'Very safe' or 'safe',Neighbourhood,Aberfeldie,2020,25,80.6,31,Aberfeldie (n= 31),63.719742188204535,90.81299163841389
At public transport stops and stations,'Very safe' or 'safe',Neighbourhood,Airport West,2020,41,80.4,51,Airport West (n= 51),67.54192051863438,88.98465748753331
At public transport stops and stations,'Very safe' or 'safe',Neighbourhood,Ascot Vale,2020,75,74.3,101,Ascot Vale (n= 101),64.95247830925932,81.78475765748033
At public transport stops and stations,'Very safe' or 'safe',Neighbourhood,Avondale Heights,2020,26,47.3,55,Avondale Heights (n= 55),34.693098361319315,60.20845564477389
At public transport stops and stations,'Very safe' or 'safe',Neighbourhood,Essendon,2020,100,87.7,114,Essendon (n= 114),80.43752960520771,92.54187922140598
At public transport stops and stations,'Very safe' or 'safe',Neighbourhood,Flemington,2020,85,70.8,120,Flemington (n= 120),62.15576502025924,78.21843637896147
At public transport stops and stations,'Very safe' or 'safe',Neighbourhood,Keilor East,2020,37,67.3,55,Keilor East (n= 55),54.10322355657868,78.18693440483106
At public transport stops and stations,'Very safe' or 'safe',Neighbourhood,Keilor Road / Essendon North,2020,53,81.5,65,Keilor Road / Essendon North (n= 65),70.44600616636224,89.11112801173448
At public transport stops and stations,'Very safe' or 'safe',Neighbourhood,Milleara,2020,76,81.7,93,Milleara (n= 93),72.66221581223748,88.26210391454494
At public transport stops and stations,'Very safe' or 'safe',Neighbourhood,Moonee Ponds,2020,111,88.8,125,Moonee Ponds (n= 125),82.07616439023666,93.21016105799721
At public transport stops and stations,'Very safe' or 'safe',Neighbourhood,Niddrie / Essendon West,2020,41,71.9,57,Niddrie / Essendon West (n= 57),59.16980132395605,81.92060065617645
At public transport stops and stations,'Very safe' or 'safe',Neighbourhood,Strathmore,2020,41,80.4,51,Strathmore (n= 51),67.54192051863438,88.98465748753331
At public transport stops and stations,'Very safe' or 'safe',Neighbourhood,Strathmore Heights,2020,19,61.3,31,Strathmore Heights (n= 31),43.824108619660734,76.26689857961975
At public transport stops and stations,'Very safe' or 'safe',Overall,Overall (2020),2020,732,77,951,Overall (2020) (n= 951),74.19047482781423,79.5357218366662
At public transport stops and stations,'Very safe' or 'safe',Ward,Buckley,2020,236,80.8,292,Buckley (n= 292),75.91760997929319,84.92578929190084
At public transport stops and stations,'Very safe' or 'safe',Ward,Myrnong,2020,281,78.7,357,Myrnong (n= 357),74.17119252269758,82.64046117972984
At public transport stops and stations,'Very safe' or 'safe',Ward,Rose Hill,2020,213,71.2,299,Rose Hill (n= 299),65.8628554423782,76.07327856468783
At public transport stops and stations,Other,Age group,18-34 years,2020,93,29.7,313,18-34 years (n= 313),24.920481400370665,34.99638034092328
At public transport stops and stations,Other,Age group,35-49 years,2020,52,20,260,35-49 years (n= 260),15.590520430727285,25.283063009388112
At public transport stops and stations,Other,Age group,50-64 years,2020,42,20.7,203,50-64 years (n= 203),15.686829492260589,26.781184087571
At public transport stops and stations,Other,Age group,65+ years,2020,31,17.8,174,65+ years (n= 174),12.84465730151052,24.177901587346632
At public transport stops and stations,Other,Gender,Female,2020,94,20.8,453,Female (n= 453),17.26978801032202,24.723217466002335
At public transport stops and stations,Other,Gender,Male,2020,115,25.6,450,Male (n= 450),21.744263110216547,29.78065914530646
At public transport stops and stations,Other,Neighbourhood,Aberfeldie,2020,6,19.4,31,Aberfeldie (n= 31),9.187008361586093,36.28025781179546
At public transport stops and stations,Other,Neighbourhood,Airport West,2020,10,19.6,51,Airport West (n= 51),11.015342512466692,32.45807948136561
At public transport stops and stations,Other,Neighbourhood,Ascot Vale,2020,26,25.7,101,Ascot Vale (n= 101),18.21524234251967,35.04752169074069
At public transport stops and stations,Other,Neighbourhood,Avondale Heights,2020,29,52.7,55,Avondale Heights (n= 55),39.79154435522611,65.30690163868069
At public transport stops and stations,Other,Neighbourhood,Essendon,2020,14,12.3,114,Essendon (n= 114),7.458120778594022,19.562470394792275
At public transport stops and stations,Other,Neighbourhood,Flemington,2020,35,29.2,120,Flemington (n= 120),21.781563621038543,37.844234979740776
At public transport stops and stations,Other,Neighbourhood,Keilor East,2020,18,32.7,55,Keilor East (n= 55),21.81306559516894,45.89677644342132
At public transport stops and stations,Other,Neighbourhood,Keilor Road / Essendon North,2020,12,18.5,65,Keilor Road / Essendon North (n= 65),10.888871988265523,29.553993833637765
At public transport stops and stations,Other,Neighbourhood,Milleara,2020,17,18.3,93,Milleara (n= 93),11.73789608545508,27.337784187762526
At public transport stops and stations,Other,Neighbourhood,Moonee Ponds,2020,14,11.2,125,Moonee Ponds (n= 125),6.789838942002799,17.923835609763337
At public transport stops and stations,Other,Neighbourhood,Niddrie / Essendon West,2020,16,28.1,57,Niddrie / Essendon West (n= 57),18.079399343823546,40.83019867604394
At public transport stops and stations,Other,Neighbourhood,Strathmore,2020,10,19.6,51,Strathmore (n= 51),11.015342512466692,32.45807948136561
At public transport stops and stations,Other,Neighbourhood,Strathmore Heights,2020,12,38.7,31,Strathmore Heights (n= 31),23.733101420380255,56.17589138033926
At public transport stops and stations,Other,Overall,Overall (2020),2020,219,23,951,Overall (2020) (n= 951),20.46427816333381,25.809525172185765
At public transport stops and stations,Other,Ward,Buckley,2020,56,19.2,292,Buckley (n= 292),15.074210708099159,24.082390020706807
At public transport stops and stations,Other,Ward,Myrnong,2020,76,21.3,357,Myrnong (n= 357),17.359538820270163,25.82880747730242
At public transport stops and stations,Other,Ward,Rose Hill,2020,86,28.8,299,Rose Hill (n= 299),23.92672143531215,34.1371445576218
When walking alone in your local area at night,'Very safe' or 'safe',Age group,18-34 years,2020,131,41.3,317,18-34 years (n= 317),36.03968671621792,46.817890293261584
When walking alone in your local area at night,'Very safe' or 'safe',Age group,35-49 years,2020,130,50,260,35-49 years (n= 260),43.96681593146635,56.03318406853365
When walking alone in your local area at night,'Very safe' or 'safe',Age group,50-64 years,2020,97,48.5,200,50-64 years (n= 200),41.66738517187752,55.389150807254275
When walking alone in your local area at night,'Very safe' or 'safe',Age group,65+ years,2020,59,38.8,152,65+ years (n= 152),31.43529637892504,46.74765939081062
When walking alone in your local area at night,'Very safe' or 'safe',Gender,Female,2020,166,38.1,436,Female (n= 436),33.638520160000965,42.71659645887223
When walking alone in your local area at night,'Very safe' or 'safe',Gender,Male,2020,244,54.2,450,Male (n= 450),49.602688659127075,58.77027931491896
When walking alone in your local area at night,'Very safe' or 'safe',Neighbourhood,Aberfeldie,2020,14,42.4,33,Aberfeldie (n= 33),27.235596633410204,59.19273666268755
When walking alone in your local area at night,'Very safe' or 'safe',Neighbourhood,Airport West,2020,19,38.8,49,Airport West (n= 49),26.42901171173568,52.75400055647956
When walking alone in your local area at night,'Very safe' or 'safe',Neighbourhood,Ascot Vale,2020,37,36.6,101,Ascot Vale (n= 101),27.887869515192886,46.35895964599139
When walking alone in your local area at night,'Very safe' or 'safe',Neighbourhood,Avondale Heights,2020,16,32,50,Avondale Heights (n= 50),20.75821626065685,45.81029730814407
When walking alone in your local area at night,'Very safe' or 'safe',Neighbourhood,Essendon,2020,54,48.6,111,Essendon (n= 111),39.552395366694796,57.83530761896303
When walking alone in your local area at night,'Very safe' or 'safe',Neighbourhood,Flemington,2020,47,40.9,115,Flemington (n= 115),32.321454709223985,50.00794429985043
When walking alone in your local area at night,'Very safe' or 'safe',Neighbourhood,Keilor East,2020,25,46.3,54,Keilor East (n= 54),33.689901117981094,59.39464397898851
When walking alone in your local area at night,'Very safe' or 'safe',Neighbourhood,Keilor Road / Essendon North,2020,34,50.7,67,Keilor Road / Essendon North (n= 67),39.063774648114865,62.34782812891307
When walking alone in your local area at night,'Very safe' or 'safe',Neighbourhood,Milleara,2020,47,48,98,Milleara (n= 98),38.33313279110928,57.73919369918329
When walking alone in your local area at night,'Very safe' or 'safe',Neighbourhood,Moonee Ponds,2020,61,49.6,123,Moonee Ponds (n= 123),40.90471909102538,58.306895148279736
When walking alone in your local area at night,'Very safe' or 'safe',Neighbourhood,Niddrie / Essendon West,2020,24,44.4,54,Niddrie / Essendon West (n= 54),32.00246417222966,57.624353473224744
When walking alone in your local area at night,'Very safe' or 'safe',Neighbourhood,Strathmore,2020,33,63.5,52,Strathmore (n= 52),49.871678132017095,75.19930012618661
When walking alone in your local area at night,'Very safe' or 'safe',Neighbourhood,Strathmore Heights,2020,8,32,25,Strathmore Heights (n= 25),17.205190306907987,51.58973072689776
When walking alone in your local area at night,'Very safe' or 'safe',Overall,Overall (2020),2020,418,44.9,930,Overall (2020) (n= 930),41.77650990514562,48.15754162875089
When walking alone in your local area at night,'Very safe' or 'safe',Ward,Buckley,2020,145,50.5,287,Buckley (n= 287),44.7697329665989,56.26175683962212
When walking alone in your local area at night,'Very safe' or 'safe',Ward,Myrnong,2020,152,43.4,350,Myrnong (n= 350),38.33489966545944,48.664927841099065
When walking alone in your local area at night,'Very safe' or 'safe',Ward,Rose Hill,2020,120,40.8,294,Rose Hill (n= 294),35.35172862197238,46.51782029381206
When walking alone in your local area at night,Other,Age group,18-34 years,2020,186,58.7,317,18-34 years (n= 317),53.18210970673841,63.96031328378208
When walking alone in your local area at night,Other,Age group,35-49 years,2020,130,50,260,35-49 years (n= 260),43.96681593146635,56.03318406853365
When walking alone in your local area at night,Other,Age group,50-64 years,2020,103,51.5,200,50-64 years (n= 200),44.610849192745725,58.33261482812247
When walking alone in your local area at night,Other,Age group,65+ years,2020,93,61.2,152,65+ years (n= 152),53.252340609189375,68.56470362107494
When walking alone in your local area at night,Other,Gender,Female,2020,270,61.9,436,Female (n= 436),57.28340354112776,66.36147983999902
When walking alone in your local area at night,Other,Gender,Male,2020,206,45.8,450,Male (n= 450),41.22972068508104,50.39731134087293
When walking alone in your local area at night,Other,Neighbourhood,Aberfeldie,2020,19,57.6,33,Aberfeldie (n= 33),40.807263337312456,72.76440336658979
When walking alone in your local area at night,Other,Neighbourhood,Airport West,2020,30,61.2,49,Airport West (n= 49),47.245999443520454,73.57098828826433
When walking alone in your local area at night,Other,Neighbourhood,Ascot Vale,2020,64,63.4,101,Ascot Vale (n= 101),53.64104035400862,72.11213048480711
When walking alone in your local area at night,Other,Neighbourhood,Avondale Heights,2020,34,68,50,Avondale Heights (n= 50),54.189702691855935,79.24178373934316
When walking alone in your local area at night,Other,Neighbourhood,Essendon,2020,57,51.4,111,Essendon (n= 111),42.16469238103698,60.447604633305204
When walking alone in your local area at night,Other,Neighbourhood,Flemington,2020,68,59.1,115,Flemington (n= 115),49.99205570014957,67.67854529077601
When walking alone in your local area at night,Other,Neighbourhood,Keilor East,2020,29,53.7,54,Keilor East (n= 54),40.60535602101149,66.31009888201892
When walking alone in your local area at night,Other,Neighbourhood,Keilor Road / Essendon North,2020,33,49.3,67,Keilor Road / Essendon North (n= 67),37.652171871086956,60.936225351885156
When walking alone in your local area at night,Other,Neighbourhood,Milleara,2020,51,52,98,Milleara (n= 98),42.26080630081672,61.66686720889072
When walking alone in your local area at night,Other,Neighbourhood,Moonee Ponds,2020,62,50.4,123,Moonee Ponds (n= 123),41.69310485172025,59.095280908974615
When walking alone in your local area at night,Other,Neighbourhood,Niddrie / Essendon West,2020,30,55.6,54,Niddrie / Essendon West (n= 54),42.375646526775256,67.997535827770335
When walking alone in your local area at night,Other,Neighbourhood,Strathmore,2020,19,36.5,52,Strathmore (n= 52),24.800699873813393,50.12832186798288
When walking alone in your local area at night,Other,Neighbourhood,Strathmore Heights,2020,17,68,25,Strathmore Heights (n= 25),48.41026927310226,82.79480969309203
When walking alone in your local area at night,Other,Overall,Overall (2020),2020,512,55.1,930,Overall (2020) (n= 930),51.8424583712491,58.22349009485438
When walking alone in your local area at night,Other,Ward,Buckley,2020,142,49.5,287,Buckley (n= 287),43.73824316037786,55.23026703340109
When walking alone in your local area at night,Other,Ward,Myrnong,2020,198,56.6,350,Myrnong (n= 350),51.33507215890094,61.665100334540554
When walking alone in your local area at night,Other,Ward,Rose Hill,2020,174,59.2,294,Rose Hill (n= 294),53.482179706187935,64.64827137802763
When walking alone in your local area during the day,'Very safe' or 'safe',Age group,18-34 years,2020,293,91,322,18-34 years (n= 322),87.36485878784407,93.65613864921792
When walking alone in your local area during the day,'Very safe' or 'safe',Age group,35-49 years,2020,252,94,268,35-49 years (n= 268),90.52320980103869,96.29209829207487
When walking alone in your local area during the day,'Very safe' or 'safe',Age group,50-64 years,2020,198,90.8,218,50-64 years (n= 218),86.25496608372988,93.98251565040823
When walking alone in your local area during the day,'Very safe' or 'safe',Age group,65+ years,2020,175,89.3,196,65+ years (n= 196),84.17632878806536,92.88475798981645
When walking alone in your local area during the day,'Very safe' or 'safe',Gender,Female,2020,449,93,483,Female (n= 483),90.32421087722675,94.91914555451181
When walking alone in your local area during the day,'Very safe' or 'safe',Gender,Male,2020,424,91.2,465,Male (n= 465),88.25668482484309,93.43404298821841
When walking alone in your local area during the day,'Very safe' or 'safe',Neighbourhood,Aberfeldie,2020,30,88.2,34,Aberfeldie (n= 34),73.37915722962816,95.32855333511766
When walking alone in your local area during the day,'Very safe' or 'safe',Neighbourhood,Airport West,2020,53,91.4,58,Airport West (n= 58),81.35637093712647,96.26146168738087
When walking alone in your local area during the day,'Very safe' or 'safe',Neighbourhood,Ascot Vale,2020,96,92.3,104,Ascot Vale (n= 104),85.55044538374418,96.05082463089451
When walking alone in your local area during the day,'Very safe' or 'safe',Neighbourhood,Avondale Heights,2020,40,70.2,57,Avondale Heights (n= 57),57.33571989653999,80.4674499251819
When walking alone in your local area during the day,'Very safe' or 'safe',Neighbourhood,Essendon,2020,114,98.3,116,Essendon (n= 116),93.93090758931744,99.52589867968294
When walking alone in your local area during the day,'Very safe' or 'safe',Neighbourhood,Flemington,2020,106,89.1,119,Flemington (n= 119),82.203580506135,93.50375876907478
When walking alone in your local area during the day,'Very safe' or 'safe',Neighbourhood,Keilor East,2020,60,93.8,64,Keilor East (n= 64),85.00251490779134,97.54287986033819
When walking alone in your local area during the day,'Very safe' or 'safe',Neighbourhood,Keilor Road / Essendon North,2020,66,94.3,70,Keilor Road / Essendon North (n= 70),86.20804952516177,97.75562208992888
When walking alone in your local area during the day,'Very safe' or 'safe',Neighbourhood,Milleara,2020,99,90.8,109,Milleara (n= 109),83.93146396581206,94.94025652605222
When walking alone in your local area during the day,'Very safe' or 'safe',Neighbourhood,Moonee Ponds,2020,122,96.1,127,Moonee Ponds (n= 127),91.11437777951377,98.3068202524781
When walking alone in your local area during the day,'Very safe' or 'safe',Neighbourhood,Niddrie / Essendon West,2020,54,85.7,63,Niddrie / Essendon West (n= 63),75.02543407837413,92.29805166527932
When walking alone in your local area during the day,'Very safe' or 'safe',Neighbourhood,Strathmore,2020,48,94.1,51,Strathmore (n= 51),84.07537395119957,97.97933605775351
When walking alone in your local area during the day,'Very safe' or 'safe',Neighbourhood,Strathmore Heights,2020,31,100,31,Strathmore Heights (n= 31),88.97446045395641,100
When walking alone in your local area during the day,'Very safe' or 'safe',Overall,Overall (2020),2020,918,91.5,1003,"Overall (2020) (n= 1,003)",89.63943591299076,93.09454297735873
When walking alone in your local area during the day,'Very safe' or 'safe',Ward,Buckley,2020,292,95.7,305,Buckley (n= 305),92.84517918251261,97.49243321750542
When walking alone in your local area during the day,'Very safe' or 'safe',Ward,Myrnong,2020,335,92.8,361,Myrnong (n= 361),89.65640017675513,95.0379218443236
When walking alone in your local area during the day,'Very safe' or 'safe',Ward,Rose Hill,2020,291,86.4,337,Rose Hill (n= 337),82.27276354395636,89.60816339717809
When walking alone in your local area during the day,Other,Age group,18-34 years,2020,29,9,322,18-34 years (n= 322),6.343861350782079,12.63514121215593
When walking alone in your local area during the day,Other,Age group,35-49 years,2020,16,6,268,35-49 years (n= 268),3.707901707925134,9.476790198961316
When walking alone in your local area during the day,Other,Age group,50-64 years,2020,20,9.2,218,50-64 years (n= 218),6.017484349591775,13.7450339162701
When walking alone in your local area during the day,Other,Age group,65+ years,2020,21,10.7,196,65+ years (n= 196),7.11524201018356,15.82367121193465
When walking alone in your local area during the day,Other,Gender,Female,2020,34,7,483,Female (n= 483),5.080854445488188,9.675789122773253
When walking alone in your local area during the day,Other,Gender,Male,2020,41,8.8,465,Male (n= 465),6.56595701178159,11.743315175156924
When walking alone in your local area during the day,Other,Neighbourhood,Aberfeldie,2020,4,11.8,34,Aberfeldie (n= 34),4.671446664882337,26.620842770371834
When walking alone in your local area during the day,Other,Neighbourhood,Airport West,2020,5,8.6,58,Airport West (n= 58),3.7385383126191143,18.64362906287354
When walking alone in your local area during the day,Other,Neighbourhood,Ascot Vale,2020,8,7.7,104,Ascot Vale (n= 104),3.9491753691054883,14.449554616255828
When walking alone in your local area during the day,Other,Neighbourhood,Avondale Heights,2020,17,29.8,57,Avondale Heights (n= 57),19.53255007481809,42.66428010346
When walking alone in your local area during the day,Other,Neighbourhood,Essendon,2020,2,1.7,116,Essendon (n= 116),0.47410132031705293,6.069092410682546
When walking alone in your local area during the day,Other,Neighbourhood,Flemington,2020,13,10.9,119,Flemington (n= 119),6.496241230925223,17.79641949386501
When walking alone in your local area during the day,Other,Neighbourhood,Keilor East,2020,4,6.2,64,Keilor East (n= 64),2.457120139661803,14.997485092208663
When walking alone in your local area during the day,Other,Neighbourhood,Keilor Road / Essendon North,2020,4,5.7,70,Keilor Road / Essendon North (n= 70),2.244377910071126,13.791950474838227
When walking alone in your local area during the day,Other,Neighbourhood,Milleara,2020,10,9.2,109,Milleara (n= 109),5.059743473947774,16.06853603418795
When walking alone in your local area during the day,Other,Neighbourhood,Moonee Ponds,2020,5,3.9,127,Moonee Ponds (n= 127),1.6931797475219001,8.885622220486221
When walking alone in your local area during the day,Other,Neighbourhood,Niddrie / Essendon West,2020,9,14.3,63,Niddrie / Essendon West (n= 63),7.701948334720692,24.974565921625853
When walking alone in your local area during the day,Other,Neighbourhood,Strathmore,2020,3,5.9,51,Strathmore (n= 51),2.020663942246468,15.924626048800421
When walking alone in your local area during the day,Other,Neighbourhood,Strathmore Heights,2020,0,0,31,Strathmore Heights (n= 31),-6.173843412473929e-16,11.025539546043593
When walking alone in your local area during the day,Other,Overall,Overall (2020),2020,85,8.5,1003,"Overall (2020) (n= 1,003)",6.905457022641265,10.360564087009237
When walking alone in your local area during the day,Other,Ward,Buckley,2020,13,4.3,305,Buckley (n= 305),2.5075667824945795,7.154820817487375
When walking alone in your local area during the day,Other,Ward,Myrnong,2020,26,7.2,361,Myrnong (n= 361),4.962078155676399,10.34359982324488
When walking alone in your local area during the day,Other,Ward,Rose Hill,2020,46,13.6,337,Rose Hill (n= 337),10.391836602821915,17.727236456043638
At public transport stops and stations,'Very safe' or 'safe',Age group,18-34 years,2019,254,85.5,297,18-34 years (n= 297),81.06626612770296,89.07034364248136
At public transport stops and stations,'Very safe' or 'safe',Age group,35-49 years,2019,200,81,247,35-49 years (n= 247),75.61672010169467,85.37798177865402
At public transport stops and stations,'Very safe' or 'safe',Age group,50-64 years,2019,143,74.5,192,50-64 years (n= 192),67.87410056577174,80.1239079080434
At public transport stops and stations,'Very safe' or 'safe',Age group,65+ years,2019,141,80.1,176,65+ years (n= 176),73.60147999013873,85.339323034421
At public transport stops and stations,'Very safe' or 'safe',Gender,Female,2019,360,79.3,454,Female (n= 454),75.32972353016596,82.76899052800637
At public transport stops and stations,'Very safe' or 'safe',Gender,Male,2019,366,83.4,439,Male (n= 439),79.60189661096516,86.56173693415765
At public transport stops and stations,'Very safe' or 'safe',Neighbourhood,Aberfeldie,2019,27,77.1,35,Aberfeldie (n= 35),60.98268310800976,87.93412016580831
At public transport stops and stations,'Very safe' or 'safe',Neighbourhood,Airport West,2019,20,71.4,28,Airport West (n= 28),52.94071156670428,84.74600394333092
At public transport stops and stations,'Very safe' or 'safe',Neighbourhood,Ascot Vale,2019,69,72.6,95,Ascot Vale (n= 95),62.91856625957802,80.58544563284585
At public transport stops and stations,'Very safe' or 'safe',Neighbourhood,Avondale Heights,2019,10,58.8,17,Avondale Heights (n= 17),36.00544264299978,78.38894320978518
At public transport stops and stations,'Very safe' or 'safe',Neighbourhood,Essendon,2019,113,82.5,137,Essendon (n= 137),75.25581028028647,87.93581010281841
At public transport stops and stations,'Very safe' or 'safe',Neighbourhood,Flemington,2019,135,84.9,159,Flemington (n= 159),78.52245558615967,89.64200376213375
At public transport stops and stations,'Very safe' or 'safe',Neighbourhood,Keilor East,2019,27,71.1,38,Keilor East (n= 38),55.242862324247945,82.99672217151694
At public transport stops and stations,'Very safe' or 'safe',Neighbourhood,Keilor Road / Essendon North,2019,52,78.8,66,Keilor Road / Essendon North (n= 66),67.48692879502293,86.92201489207619
At public transport stops and stations,'Very safe' or 'safe',Neighbourhood,Milleara,2019,74,88.1,84,Milleara (n= 84),79.4550842255297,93.40345075240096
At public transport stops and stations,'Very safe' or 'safe',Neighbourhood,Moonee Ponds,2019,99,81.8,121,Moonee Ponds (n= 121),74.00294816388654,87.67528014854668
At public transport stops and stations,'Very safe' or 'safe',Neighbourhood,Niddrie / Essendon West,2019,46,80.7,57,Niddrie / Essendon West (n= 57),68.65930975223603,88.86725301994946
At public transport stops and stations,'Very safe' or 'safe',Neighbourhood,Strathmore,2019,45,90,50,Strathmore (n= 50),78.63976856252035,95.65242350681096
At public transport stops and stations,'Very safe' or 'safe',Neighbourhood,Strathmore Heights,2019,22,75.9,29,Strathmore Heights (n= 29),57.89239838218866,87.78157755747992
At public transport stops and stations,'Very safe' or 'safe',Overall,Overall (2019),2019,739,80.9,913,Overall (2019) (n= 913),78.26670167209417,83.35791123827124
At public transport stops and stations,'Very safe' or 'safe',Ward,Buckley Ward,2019,253,84.1,301,Buckley Ward (n= 301),79.49184810193901,87.75622267985702
At public transport stops and stations,'Very safe' or 'safe',Ward,Myrnong Ward,2019,323,79.8,405,Myrnong Ward (n= 405),75.56836186822355,83.37869323112133
At public transport stops and stations,'Very safe' or 'safe',Ward,Rose Hill Ward,2019,163,79.1,206,Rose Hill Ward (n= 206),73.06848330124762,84.11754689240342
At public transport stops and stations,Other,Age group,18-34 years,2019,43,14.5,297,18-34 years (n= 297),10.929656357518637,18.93373387229704
At public transport stops and stations,Other,Age group,35-49 years,2019,47,19,247,35-49 years (n= 247),14.622018221345979,24.383279898305336
At public transport stops and stations,Other,Age group,50-64 years,2019,49,25.5,192,50-64 years (n= 192),19.876092091956586,32.12589943422824
At public transport stops and stations,Other,Age group,65+ years,2019,35,19.9,176,65+ years (n= 176),14.660676965579006,26.398520009861283
At public transport stops and stations,Other,Gender,Female,2019,94,20.7,454,Female (n= 454),17.231009471993634,24.670276469834015
At public transport stops and stations,Other,Gender,Male,2019,73,16.6,439,Male (n= 439),13.43826306584234,20.398103389034844
At public transport stops and stations,Other,Neighbourhood,Aberfeldie,2019,8,22.9,35,Aberfeldie (n= 35),12.065879834191687,39.01731689199025
At public transport stops and stations,Other,Neighbourhood,Airport West,2019,8,28.6,28,Airport West (n= 28),15.253996056669095,47.05928843329572
At public transport stops and stations,Other,Neighbourhood,Ascot Vale,2019,26,27.4,95,Ascot Vale (n= 95),19.414554367154167,37.08143374042198
At public transport stops and stations,Other,Neighbourhood,Avondale Heights,2019,7,41.2,17,Avondale Heights (n= 17),21.611056790214814,63.99455735700022
At public transport stops and stations,Other,Neighbourhood,Essendon,2019,24,17.5,137,Essendon (n= 137),12.064189897181588,24.744189719713543
At public transport stops and stations,Other,Neighbourhood,Flemington,2019,24,15.1,159,Flemington (n= 159),10.357996237866256,21.477544413840334
At public transport stops and stations,Other,Neighbourhood,Keilor East,2019,11,28.9,38,Keilor East (n= 38),17.003277828483064,44.757137675752055
At public transport stops and stations,Other,Neighbourhood,Keilor Road / Essendon North,2019,14,21.2,66,Keilor Road / Essendon North (n= 66),13.077985107923807,32.51307120497706
At public transport stops and stations,Other,Neighbourhood,Milleara,2019,10,11.9,84,Milleara (n= 84),6.596549247599031,20.54491577447029
At public transport stops and stations,Other,Neighbourhood,Moonee Ponds,2019,22,18.2,121,Moonee Ponds (n= 121),12.324719851453324,25.997051836113478
At public transport stops and stations,Other,Neighbourhood,Niddrie / Essendon West,2019,11,19.3,57,Niddrie / Essendon West (n= 57),11.132746980050534,31.340690247763952
At public transport stops and stations,Other,Neighbourhood,Strathmore,2019,5,10,50,Strathmore (n= 50),4.347576493189043,21.360231437479655
At public transport stops and stations,Other,Neighbourhood,Strathmore Heights,2019,7,24.1,29,Strathmore Heights (n= 29),12.21842244252009,42.10760161781133
At public transport stops and stations,Other,Overall,Overall (2019),2019,174,19.1,913,Overall (2019) (n= 913),16.642088761728765,21.733298327905835
At public transport stops and stations,Other,Ward,Buckley Ward,2019,48,15.9,301,Buckley Ward (n= 301),12.243777320142973,20.508151898060987
At public transport stops and stations,Other,Ward,Myrnong Ward,2019,82,20.2,405,Myrnong Ward (n= 405),16.621306768878675,24.431638131776438
At public transport stops and stations,Other,Ward,Rose Hill Ward,2019,43,20.9,206,Rose Hill Ward (n= 206),15.882453107596561,26.93151669875237
When walking alone in your local area at night,'Very safe' or 'safe',Age group,18-34 years,2019,163,54.5,299,18-34 years (n= 299),48.8491693630569,60.06638668568942
When walking alone in your local area at night,'Very safe' or 'safe',Age group,35-49 years,2019,128,51,251,35-49 years (n= 251),44.84340791091878,57.118596239872865
When walking alone in your local area at night,'Very safe' or 'safe',Age group,50-64 years,2019,73,37.8,193,50-64 years (n= 193),31.282678114299006,44.84023812418863
When walking alone in your local area at night,'Very safe' or 'safe',Age group,65+ years,2019,47,29.4,160,65+ years (n= 160),22.867473157702943,36.84968239312166
When walking alone in your local area at night,'Very safe' or 'safe',Gender,Female,2019,152,34.5,441,Female (n= 441),30.182725525898373,39.019785327474736
When walking alone in your local area at night,'Very safe' or 'safe',Gender,Male,2019,256,57.4,446,Male (n= 446),52.76585906672276,61.905976689151274
When walking alone in your local area at night,'Very safe' or 'safe',Neighbourhood,Aberfeldie,2019,11,31.4,35,Aberfeldie (n= 35),18.550844674265818,47.979763612069185
When walking alone in your local area at night,'Very safe' or 'safe',Neighbourhood,Airport West,2019,9,27.3,33,Airport West (n= 33),15.067440885420647,44.217559002872626
When walking alone in your local area at night,'Very safe' or 'safe',Neighbourhood,Ascot Vale,2019,37,39.8,93,Ascot Vale (n= 93),30.433423438121633,49.94688037867725
When walking alone in your local area at night,'Very safe' or 'safe',Neighbourhood,Avondale Heights,2019,4,23.5,17,Avondale Heights (n= 17),9.555044322080116,47.26179811956498
When walking alone in your local area at night,'Very safe' or 'safe',Neighbourhood,Essendon,2019,66,50.4,131,Essendon (n= 131),41.93174571822151,58.80986595577391
When walking alone in your local area at night,'Very safe' or 'safe',Neighbourhood,Flemington,2019,70,45.5,154,Flemington (n= 154),37.796449216015375,53.33389125055127
When walking alone in your local area at night,'Very safe' or 'safe',Neighbourhood,Keilor East,2019,16,42.1,38,Keilor East (n= 38),27.852501157758713,57.807654656329454
When walking alone in your local area at night,'Very safe' or 'safe',Neighbourhood,Keilor Road / Essendon North,2019,23,37.1,62,Keilor Road / Essendon North (n= 62),26.157165984141105,49.54203587653947
When walking alone in your local area at night,'Very safe' or 'safe',Neighbourhood,Milleara,2019,44,55.7,79,Milleara (n= 79),44.731912948308384,66.13221248854565
When walking alone in your local area at night,'Very safe' or 'safe',Neighbourhood,Moonee Ponds,2019,54,45.4,119,Moonee Ponds (n= 119),36.71745392520201,54.327914547622655
When walking alone in your local area at night,'Very safe' or 'safe',Neighbourhood,Niddrie / Essendon West,2019,29,47.5,61,Niddrie / Essendon West (n= 61),35.53048742284526,59.842843075014294
When walking alone in your local area at night,'Very safe' or 'safe',Neighbourhood,Strathmore,2019,27,55.1,49,Strathmore (n= 49),41.3151082194979,68.14715893131336
When walking alone in your local area at night,'Very safe' or 'safe',Neighbourhood,Strathmore Heights,2019,19,61.3,31,Strathmore Heights (n= 31),43.824108619660734,76.26689857961975
When walking alone in your local area at night,'Very safe' or 'safe',Overall,Overall (2019),2019,412,45.6,904,Overall (2019) (n= 904),42.35418264108269,48.83370603455438
When walking alone in your local area at night,'Very safe' or 'safe',Ward,Buckley Ward,2019,148,50,296,Buckley Ward (n= 296),44.340575712327656,55.65942428767235
When walking alone in your local area at night,'Very safe' or 'safe',Ward,Myrnong Ward,2019,173,43.6,397,Myrnong Ward (n= 397),38.78378491386189,48.49298028152336
When walking alone in your local area at night,'Very safe' or 'safe',Ward,Rose Hill Ward,2019,92,43.4,212,Rose Hill Ward (n= 212),36.900766657366,50.12674874538134
When walking alone in your local area at night,Other,Age group,18-34 years,2019,136,45.5,299,18-34 years (n= 299),39.93361331431057,51.15083063694309
When walking alone in your local area at night,Other,Age group,35-49 years,2019,123,49,251,35-49 years (n= 251),42.88140376012713,55.15659208908122
When walking alone in your local area at night,Other,Age group,50-64 years,2019,120,62.2,193,50-64 years (n= 193),55.15976187581136,68.71732188570098
When walking alone in your local area at night,Other,Age group,65+ years,2019,113,70.6,160,65+ years (n= 160),63.150317606878346,77.13252684229708
When walking alone in your local area at night,Other,Gender,Female,2019,289,65.5,441,Female (n= 441),60.98021467252526,69.81727447410164
When walking alone in your local area at night,Other,Gender,Male,2019,190,42.6,446,Male (n= 446),38.094023310848726,47.23414093327723
When walking alone in your local area at night,Other,Neighbourhood,Aberfeldie,2019,24,68.6,35,Aberfeldie (n= 35),52.020236387930815,81.44915532573417
When walking alone in your local area at night,Other,Neighbourhood,Airport West,2019,24,72.7,33,Airport West (n= 33),55.78244099712737,84.93255911457935
When walking alone in your local area at night,Other,Neighbourhood,Ascot Vale,2019,56,60.2,93,Ascot Vale (n= 93),50.05311962132275,69.56657656187836
When walking alone in your local area at night,Other,Neighbourhood,Avondale Heights,2019,13,76.5,17,Avondale Heights (n= 17),52.73820188043501,90.44495567791986
When walking alone in your local area at night,Other,Neighbourhood,Essendon,2019,65,49.6,131,Essendon (n= 131),41.19013404422608,58.068254281778486
When walking alone in your local area at night,Other,Neighbourhood,Flemington,2019,84,54.5,154,Flemington (n= 154),46.66610874944874,62.20355078398463
When walking alone in your local area at night,Other,Neighbourhood,Keilor East,2019,22,57.9,38,Keilor East (n= 38),42.19234534367055,72.14749884224129
When walking alone in your local area at night,Other,Neighbourhood,Keilor Road / Essendon North,2019,39,62.9,62,Keilor Road / Essendon North (n= 62),50.45796412346053,73.84283401585888
When walking alone in your local area at night,Other,Neighbourhood,Milleara,2019,35,44.3,79,Milleara (n= 79),33.86778751145434,55.26808705169161
When walking alone in your local area at night,Other,Neighbourhood,Moonee Ponds,2019,65,54.6,119,Moonee Ponds (n= 119),45.672085452377345,63.282546074798
When walking alone in your local area at night,Other,Neighbourhood,Niddrie / Essendon West,2019,32,52.5,61,Niddrie / Essendon West (n= 61),40.1571569249857,64.46951257715473
When walking alone in your local area at night,Other,Neighbourhood,Strathmore,2019,22,44.9,49,Strathmore (n= 49),31.85284106868665,58.6848917805021
When walking alone in your local area at night,Other,Neighbourhood,Strathmore Heights,2019,12,38.7,31,Strathmore Heights (n= 31),23.733101420380255,56.17589138033926
When walking alone in your local area at night,Other,Overall,Overall (2019),2019,492,54.4,904,Overall (2019) (n= 904),51.16629396544562,57.645817358917306
When walking alone in your local area at night,Other,Ward,Buckley Ward,2019,148,50,296,Buckley Ward (n= 296),44.340575712327656,55.65942428767235
When walking alone in your local area at night,Other,Ward,Myrnong Ward,2019,224,56.4,397,Myrnong Ward (n= 397),51.50701971847664,61.21621508613809
When walking alone in your local area at night,Other,Ward,Rose Hill Ward,2019,120,56.6,212,Rose Hill Ward (n= 212),49.87325125461866,63.09923334263401
When walking alone in your local area during the day,'Very safe' or 'safe',Age group,18-34 years,2019,298,97.7,305,18-34 years (n= 305),95.33919155302108,98.88390955237408
When walking alone in your local area during the day,'Very safe' or 'safe',Age group,35-49 years,2019,242,92.7,261,35-49 years (n= 261),88.91093953393022,95.29037886727141
When walking alone in your local area during the day,'Very safe' or 'safe',Age group,50-64 years,2019,179,89.5,200,50-64 years (n= 200),84.48196800887695,93.02925120731899
When walking alone in your local area during the day,'Very safe' or 'safe',Age group,65+ years,2019,164,89.1,184,65+ years (n= 184),83.80769174316814,92.85270096462945
When walking alone in your local area during the day,'Very safe' or 'safe',Gender,Female,2019,438,92.4,474,Female (n= 474),89.66453506416796,94.46378670015325
When walking alone in your local area during the day,'Very safe' or 'safe',Gender,Male,2019,430,93.9,458,Male (n= 458),91.30615639470936,95.73670048230241
When walking alone in your local area during the day,'Very safe' or 'safe',Neighbourhood,Aberfeldie,2019,33,89.2,37,Aberfeldie (n= 37),75.29146845587398,95.71481005958853
When walking alone in your local area during the day,'Very safe' or 'safe',Neighbourhood,Airport West,2019,28,84.8,33,Airport West (n= 33),69.08012411955788,93.34954271839243
When walking alone in your local area during the day,'Very safe' or 'safe',Neighbourhood,Ascot Vale,2019,86,89.6,96,Ascot Vale (n= 96),81.87783586967836,94.24284675825567
When walking alone in your local area during the day,'Very safe' or 'safe',Neighbourhood,Avondale Heights,2019,16,76.2,21,Avondale Heights (n= 21),54.90882631704924,89.37198697736352
When walking alone in your local area during the day,'Very safe' or 'safe',Neighbourhood,Essendon,2019,133,97.8,136,Essendon (n= 136),93.71540946825863,99.24700746897246
When walking alone in your local area during the day,'Very safe' or 'safe',Neighbourhood,Flemington,2019,153,96.2,159,Flemington (n= 159),92.01259459710066,98.25925697226091
When walking alone in your local area during the day,'Very safe' or 'safe',Neighbourhood,Keilor East,2019,40,90.9,44,Keilor East (n= 44),78.84076083340138,96.40778067726836
When walking alone in your local area during the day,'Very safe' or 'safe',Neighbourhood,Keilor Road / Essendon North,2019,66,94.3,70,Keilor Road / Essendon North (n= 70),86.20804952516177,97.75562208992888
When walking alone in your local area during the day,'Very safe' or 'safe',Neighbourhood,Milleara,2019,82,95.3,86,Milleara (n= 86),88.64300218628802,98.17660317616793
When walking alone in your local area during the day,'Very safe' or 'safe',Neighbourhood,Moonee Ponds,2019,115,94.3,122,Moonee Ponds (n= 122),88.62911697412954,97.19315575864636
When walking alone in your local area during the day,'Very safe' or 'safe',Neighbourhood,Niddrie / Essendon West,2019,50,79.4,63,Niddrie / Essendon West (n= 63),67.83018567138667,87.52468038450615
When walking alone in your local area during the day,'Very safe' or 'safe',Neighbourhood,Strathmore,2019,50,98,51,Strathmore (n= 51),89.69543127385502,99.89942491296559
When walking alone in your local area during the day,'Very safe' or 'safe',Neighbourhood,Strathmore Heights,2019,30,96.8,31,Strathmore Heights (n= 31),83.8058948352751,99.83453776004015
When walking alone in your local area during the day,'Very safe' or 'safe',Overall,Overall (2019),2019,884,93.1,950,Overall (2019) (n= 950),91.25639649901845,94.50209013788606
When walking alone in your local area during the day,'Very safe' or 'safe',Ward,Buckley Ward,2019,290,94.5,307,Buckley Ward (n= 307),91.31184691016489,96.51427545965623
When walking alone in your local area during the day,'Very safe' or 'safe',Ward,Myrnong Ward,2019,387,94.2,411,Myrnong Ward (n= 411),91.45844586295661,96.04486227599644
When walking alone in your local area during the day,'Very safe' or 'safe',Ward,Rose Hill Ward,2019,208,88.5,235,Rose Hill Ward (n= 235),83.79982897665765,91.98265907784817
When walking alone in your local area during the day,Other,Age group,18-34 years,2019,7,2.3,305,18-34 years (n= 305),1.1160904476259297,4.660808446978904
When walking alone in your local area during the day,Other,Age group,35-49 years,2019,19,7.3,261,35-49 years (n= 261),4.709621132728575,11.08906046606978
When walking alone in your local area during the day,Other,Age group,50-64 years,2019,21,10.5,200,50-64 years (n= 200),6.97074879268102,15.518031991123038
When walking alone in your local area during the day,Other,Age group,65+ years,2019,20,10.9,184,65+ years (n= 184),7.147299035370554,16.192308256831858
When walking alone in your local area during the day,Other,Gender,Female,2019,36,7.6,474,Female (n= 474),5.536213299846755,10.335464935832034
When walking alone in your local area during the day,Other,Gender,Male,2019,28,6.1,458,Male (n= 458),4.263299517697586,8.69384360529065
When walking alone in your local area during the day,Other,Neighbourhood,Aberfeldie,2019,4,10.8,37,Aberfeldie (n= 37),4.285189940411472,24.708531544126018
When walking alone in your local area during the day,Other,Neighbourhood,Airport West,2019,5,15.2,33,Airport West (n= 33),6.650457281607566,30.91987588044212
When walking alone in your local area during the day,Other,Neighbourhood,Ascot Vale,2019,10,10.4,96,Ascot Vale (n= 96),5.757153241744342,18.122164130321654
When walking alone in your local area during the day,Other,Neighbourhood,Avondale Heights,2019,5,23.8,21,Avondale Heights (n= 21),10.62801302263647,45.09117368295075
When walking alone in your local area during the day,Other,Neighbourhood,Essendon,2019,3,2.2,136,Essendon (n= 136),0.7529925310275405,6.284590531741367
When walking alone in your local area during the day,Other,Neighbourhood,Flemington,2019,6,3.8,159,Flemington (n= 159),1.740743027739108,7.987405402899348
When walking alone in your local area during the day,Other,Neighbourhood,Keilor East,2019,4,9.1,44,Keilor East (n= 44),3.5922193227316255,21.15923916659861
When walking alone in your local area during the day,Other,Neighbourhood,Keilor Road / Essendon North,2019,4,5.7,70,Keilor Road / Essendon North (n= 70),2.244377910071126,13.791950474838227
When walking alone in your local area during the day,Other,Neighbourhood,Milleara,2019,4,4.7,86,Milleara (n= 86),1.8233968238320823,11.356997813711978
When walking alone in your local area during the day,Other,Neighbourhood,Moonee Ponds,2019,7,5.7,122,Moonee Ponds (n= 122),2.806844241353642,11.370883025870448
When walking alone in your local area during the day,Other,Neighbourhood,Niddrie / Essendon West,2019,13,20.6,63,Niddrie / Essendon West (n= 63),12.475319615493827,32.169814328613334
When walking alone in your local area during the day,Other,Neighbourhood,Strathmore,2019,1,2,51,Strathmore (n= 51),0.1005750870344129,10.304568726144973
When walking alone in your local area during the day,Other,Neighbourhood,Strathmore Heights,2019,1,3.2,31,Strathmore Heights (n= 31),0.16546223995984058,16.194105164724903
When walking alone in your local area during the day,Other,Overall,Overall (2019),2019,66,6.9,950,Overall (2019) (n= 950),5.497909862113938,8.743603500981552
When walking alone in your local area during the day,Other,Ward,Buckley Ward,2019,17,5.5,307,Buckley Ward (n= 307),3.4857245403437584,8.688153089835103
When walking alone in your local area during the day,Other,Ward,Myrnong Ward,2019,24,5.8,411,Myrnong Ward (n= 411),3.955137724003562,8.54155413704339
When walking alone in your local area during the day,Other,Ward,Rose Hill Ward,2019,27,11.5,235,Rose Hill Ward (n= 235),8.01734092215182,16.200171023342342
At public transport stops and stations,'Very safe' or 'safe',Neighbourhood,Keilor Road / Essendon North,2018,72,84.7,85,Keilor Road / Essendon North (n= 85),75.57181632390801,90.83861950546958
At public transport stops and stations,'Very safe' or 'safe',Neighbourhood,Aberfeldie,2018,38,84.4,45,Aberfeldie (n= 45),71.21609112760375,92.25457651524174
At public transport stops and stations,'Very safe' or 'safe',Neighbourhood,Moonee Ponds,2018,101,83.5,121,Moonee Ponds (n= 121),75.84457954318083,89.03771257769046
At public transport stops and stations,'Very safe' or 'safe',Ward,Buckley,2018,234,81.2,288,Buckley (n= 288),76.34177999643553,85.3355432760578
At public transport stops and stations,'Very safe' or 'safe',Neighbourhood,Keilor East,2018,46,80.7,57,Keilor East (n= 57),68.65930975223603,88.86725301994946
At public transport stops and stations,'Very safe' or 'safe',Age group,18-34 years,2018,275,79.9,344,18-34 years (n= 344),75.39008262489791,83.8323000946356
At public transport stops and stations,'Very safe' or 'safe',Gender,Male,2018,387,79.3,488,Male (n= 488),75.4866993575372,82.66211971228104
At public transport stops and stations,'Very safe' or 'safe',Neighbourhood,Avondale Heights,2018,38,79.2,48,Avondale Heights (n= 48),65.74109872738207,88.2697270420944
At public transport stops and stations,'Very safe' or 'safe',Neighbourhood,Strathmore,2018,42,79.2,53,Strathmore (n= 53),66.54225529835209,87.99540197358606
At public transport stops and stations,'Very safe' or 'safe',Overall,Overall (2018),2018,784,77.4,1013,"Overall (2018) (n= 1,013)",74.71739247229709,79.8633875682487
At public transport stops and stations,'Very safe' or 'safe',Age group,50-64 years,2018,164,76.6,214,50-64 years (n= 214),70.52706725446949,81.80456907277053
At public transport stops and stations,'Very safe' or 'safe',Age group,65+ years,2018,140,76.5,183,65+ years (n= 183),69.85409489124017,82.06157768605856
At public transport stops and stations,'Very safe' or 'safe',Ward,Myrnong,2018,324,76.4,424,Myrnong (n= 424),72.14827569044147,80.20756673245873
At public transport stops and stations,'Very safe' or 'safe',Neighbourhood,Essendon,2018,86,76.1,113,Essendon (n= 113),67.46820971379513,83.02756515541621
At public transport stops and stations,'Very safe' or 'safe',Age group,35-49 years,2018,205,75.9,270,35-49 years (n= 270),70.48548788936289,80.63898413284805
At public transport stops and stations,'Very safe' or 'safe',Neighbourhood,Milleara,2018,63,75.9,83,Milleara (n= 83),65.69026394404473,83.82525615884097
At public transport stops and stations,'Very safe' or 'safe',Gender,Female,2018,393,75.6,520,Female (n= 520),71.70547181468545,79.07325054891601
At public transport stops and stations,'Very safe' or 'safe',Ward,Rose Hill,2018,225,75.3,299,Rose Hill (n= 299),70.05954541656963,79.80152730049315
At public transport stops and stations,'Very safe' or 'safe',Neighbourhood,Ascot Vale,2018,79,75.2,105,Ascot Vale (n= 105),66.1896643861123,82.5050155403231
At public transport stops and stations,'Very safe' or 'safe',Neighbourhood,Flemington,2018,131,74,177,Flemington (n= 177),67.08887747873956,79.91361882620245
At public transport stops and stations,'Very safe' or 'safe',Neighbourhood,Niddrie / Essendon West,2018,28,73.7,38,Niddrie / Essendon West (n= 38),57.99115381253364,85.02837874520186
At public transport stops and stations,'Very safe' or 'safe',Neighbourhood,Airport West,2018,43,68.3,63,Airport West (n= 63),55.996468255831424,78.41331334648034
At public transport stops and stations,'Very safe' or 'safe',Neighbourhood,Strathmore Heights,2018,16,64,25,Strathmore Heights (n= 25),44.518497748164876,79.75211922554179
When walking alone in your local area during the day,'Very safe' or 'safe',Neighbourhood,Niddrie / Essendon West,2018,42,97.7,43,Niddrie / Essendon West (n= 43),87.94100655939282,99.88071326886616
When walking alone in your local area during the day,'Very safe' or 'safe',Neighbourhood,Moonee Ponds,2018,120,96,125,Moonee Ponds (n= 125),90.97744468602555,98.27953909280839
When walking alone in your local area during the day,'Very safe' or 'safe',Age group,18-34 years,2018,338,95.8,353,18-34 years (n= 353),93.10816530038963,97.40822286466975
When walking alone in your local area during the day,'Very safe' or 'safe',Neighbourhood,Keilor Road / Essendon North,2018,86,94.5,91,Keilor Road / Essendon North (n= 91),87.77519753271707,97.63049002965734
When walking alone in your local area during the day,'Very safe' or 'safe',Neighbourhood,Avondale Heights,2018,48,94.1,51,Avondale Heights (n= 51),84.07537395119957,97.97933605775351
When walking alone in your local area during the day,'Very safe' or 'safe',Neighbourhood,Ascot Vale,2018,99,93.4,106,Ascot Vale (n= 106),86.99249604256264,96.76458528879637
When walking alone in your local area during the day,'Very safe' or 'safe',Neighbourhood,Aberfeldie,2018,41,93.2,44,Aberfeldie (n= 44),81.77495562977846,97.65406040926182
When walking alone in your local area during the day,'Very safe' or 'safe',Neighbourhood,Essendon,2018,104,92.9,112,Essendon (n= 112),86.53547472690816,96.33640981021094
When walking alone in your local area during the day,'Very safe' or 'safe',Neighbourhood,Milleara,2018,85,92.4,92,Milleara (n= 92),85.11875992283274,96.26564402903846
When walking alone in your local area during the day,'Very safe' or 'safe',Age group,35-49 years,2018,260,92.2,282,35-49 years (n= 282),88.47107320691647,94.79186596990019
When walking alone in your local area during the day,'Very safe' or 'safe',Gender,Female,2018,499,92.2,541,Female (n= 541),89.67222188998394,94.2053892208103
When walking alone in your local area during the day,'Very safe' or 'safe',Gender,Male,2018,463,92.2,502,Male (n= 502),89.5557156972454,94.2650136254366
When walking alone in your local area during the day,'Very safe' or 'safe',Ward,Myrnong,2018,391,92.2,424,Myrnong (n= 424),89.2712312625632,94.40462403832191
When walking alone in your local area during the day,'Very safe' or 'safe',Overall,Overall (2018),2018,966,92.1,1049,"Overall (2018) (n= 1,049)",90.29643120414225,93.57184664550317
When walking alone in your local area during the day,'Very safe' or 'safe',Ward,Rose Hill,2018,301,91.8,328,Rose Hill (n= 328),88.2883516457011,94.28119857678996
When walking alone in your local area during the day,'Very safe' or 'safe',Ward,Buckley,2018,274,91.6,299,Buckley (n= 299),87.94863641403519,94.27260270218089
When walking alone in your local area during the day,'Very safe' or 'safe',Neighbourhood,Keilor East,2018,63,91.3,69,Keilor East (n= 69),82.29850166105781,95.9536378798466
When walking alone in your local area during the day,'Very safe' or 'safe',Age group,50-64 years,2018,202,91,222,50-64 years (n= 222),86.49513287881187,94.09237348533101
When walking alone in your local area during the day,'Very safe' or 'safe',Neighbourhood,Strathmore Heights,2018,26,89.7,29,Strathmore Heights (n= 29),73.6149189092262,96.4185108649323
When walking alone in your local area during the day,'Very safe' or 'safe',Neighbourhood,Flemington,2018,154,89,173,Flemington (n= 173),83.48412270888747,92.85544206301441
When walking alone in your local area during the day,'Very safe' or 'safe',Neighbourhood,Airport West,2018,53,88.3,60,Airport West (n= 60),77.82121197582914,94.23227935994396
When walking alone in your local area during the day,'Very safe' or 'safe',Age group,65+ years,2018,165,85.5,193,65+ years (n= 193),79.83119281188536,89.76796623762941
When walking alone in your local area during the day,'Very safe' or 'safe',Neighbourhood,Strathmore,2018,46,85.2,54,Strathmore (n= 54),73.39988471639411,92.29693686239466
When walking alone in your local area at night,'Very safe' or 'safe',Neighbourhood,Avondale Heights,2018,32,72.7,44,Avondale Heights (n= 44),58.1511269075488,83.65361837615663
When walking alone in your local area at night,'Very safe' or 'safe',Neighbourhood,Moonee Ponds,2018,75,64.1,117,Moonee Ponds (n= 117),55.08968902261645,72.21881943305006
When walking alone in your local area at night,'Very safe' or 'safe',Age group,18-34 years,2018,211,59.6,354,18-34 years (n= 354),54.41633151041325,64.58649734684143
When walking alone in your local area at night,'Very safe' or 'safe',Gender,Male,2018,278,57.4,484,Male (n= 484),52.99153291436765,61.7673603076337
When walking alone in your local area at night,'Very safe' or 'safe',Neighbourhood,Niddrie / Essendon West,2018,22,56.4,39,Niddrie / Essendon West (n= 39),40.975691648669475,70.69524612431037
When walking alone in your local area at night,'Very safe' or 'safe',Neighbourhood,Aberfeldie,2018,24,55.8,43,Aberfeldie (n= 43),41.1076144528241,69.5666901608295
When walking alone in your local area at night,'Very safe' or 'safe',Ward,Buckley,2018,144,52.6,274,Buckley (n= 274),46.64777750854049,58.39106732744022
When walking alone in your local area at night,'Very safe' or 'safe',Neighbourhood,Keilor Road / Essendon North,2018,42,51.2,82,Keilor Road / Essendon North (n= 82),40.59077238820504,61.739104139380075
When walking alone in your local area at night,'Very safe' or 'safe',Age group,35-49 years,2018,136,50,272,35-49 years (n= 272),44.09950665500093,55.90049334499907
When walking alone in your local area at night,'Very safe' or 'safe',Neighbourhood,Essendon,2018,52,49.1,106,Essendon (n= 106),39.7407007851655,58.43849309893538
When walking alone in your local area at night,'Very safe' or 'safe',Neighbourhood,Ascot Vale,2018,51,49,104,Ascot Vale (n= 104),39.6375856482595,58.50784003322597
When walking alone in your local area at night,'Very safe' or 'safe',Overall,Overall (2018),2018,482,48.5,994,Overall (2018) (n= 994),45.39583779628044,51.59767257204442
When walking alone in your local area at night,'Very safe' or 'safe',Ward,Myrnong,2018,199,48,415,Myrnong (n= 415),43.186143557629265,52.75504143206449
When walking alone in your local area at night,'Very safe' or 'safe',Neighbourhood,Strathmore Heights,2018,12,46.2,26,Strathmore Heights (n= 26),28.755853530391217,64.54206125314118
When walking alone in your local area at night,'Very safe' or 'safe',Ward,Rose Hill,2018,139,46,302,Rose Hill (n= 302),40.49026250579899,51.662534537302186
When walking alone in your local area at night,'Very safe' or 'safe',Neighbourhood,Keilor East,2018,28,43.1,65,Keilor East (n= 65),31.759457415639275,55.16702532575414
When walking alone in your local area at night,'Very safe' or 'safe',Neighbourhood,Strathmore,2018,21,42.9,49,Strathmore (n= 49),30.0233190788816,56.72950690998264
When walking alone in your local area at night,'Very safe' or 'safe',Neighbourhood,Milleara,2018,35,40.7,86,Milleara (n= 86),30.929123277851023,51.26172690420929
When walking alone in your local area at night,'Very safe' or 'safe',Gender,Female,2018,203,40.2,505,Female (n= 505),36.01130424203507,44.53273392862712
When walking alone in your local area at night,'Very safe' or 'safe',Neighbourhood,Flemington,2018,70,39.8,176,Flemington (n= 176),32.834779418634085,47.14758936547771
When walking alone in your local area at night,'Very safe' or 'safe',Age group,50-64 years,2018,84,39.6,212,50-64 years (n= 212),33.27958638673035,46.33508067472975
When walking alone in your local area at night,'Very safe' or 'safe',Age group,65+ years,2018,52,33.8,154,65+ years (n= 154),26.773091827608575,41.54955269584369
When walking alone in your local area at night,'Very safe' or 'safe',Neighbourhood,Airport West,2018,18,31.6,57,Airport West (n= 57),21.004287638825247,44.47977469786344
At public transport stops and stations,Other,Neighbourhood,Keilor Road / Essendon North,2018,13,15.3,85,Keilor Road / Essendon North (n= 85),9.16138049453042,24.428183676091976
At public transport stops and stations,Other,Neighbourhood,Aberfeldie,2018,7,15.6,45,Aberfeldie (n= 45),7.745423484758267,28.783908872396264
At public transport stops and stations,Other,Neighbourhood,Moonee Ponds,2018,20,16.5,121,Moonee Ponds (n= 121),10.962287422309549,24.15542045681916
At public transport stops and stations,Other,Ward,Buckley,2018,54,18.8,288,Buckley (n= 288),14.664456723942203,23.658220003564477
At public transport stops and stations,Other,Neighbourhood,Keilor East,2018,11,19.3,57,Keilor East (n= 57),11.132746980050534,31.340690247763952
At public transport stops and stations,Other,Age group,18-34 years,2018,69,20.1,344,18-34 years (n= 344),16.167699905364405,24.609917375102093
At public transport stops and stations,Other,Gender,Male,2018,101,20.7,488,Male (n= 488),17.33788028771896,24.513300642462806
At public transport stops and stations,Other,Neighbourhood,Avondale Heights,2018,10,20.8,48,Avondale Heights (n= 48),11.730272957905596,34.258901272617926
At public transport stops and stations,Other,Neighbourhood,Strathmore,2018,11,20.8,53,Strathmore (n= 53),12.004598026413966,33.457744701647925
At public transport stops and stations,Other,Overall,Overall (2018),2018,229,22.6,1013,"Overall (2018) (n= 1,013)",20.1366124317513,25.282607527702915
At public transport stops and stations,Other,Age group,50-64 years,2018,50,23.4,214,50-64 years (n= 214),18.195430927229463,29.47293274553051
At public transport stops and stations,Other,Age group,65+ years,2018,43,23.5,183,65+ years (n= 183),17.938422313941434,30.14590510875984
At public transport stops and stations,Other,Ward,Myrnong,2018,100,23.6,424,Myrnong (n= 424),19.792433267541277,27.851724309558545
At public transport stops and stations,Other,Neighbourhood,Essendon,2018,27,23.9,113,Essendon (n= 113),16.972434844583788,32.53179028620485
At public transport stops and stations,Other,Age group,35-49 years,2018,65,24.1,270,35-49 years (n= 270),19.361015867151956,29.51451211063712
At public transport stops and stations,Other,Neighbourhood,Milleara,2018,20,24.1,83,Milleara (n= 83),16.174743841159028,34.30973605595528
At public transport stops and stations,Other,Gender,Female,2018,127,24.4,520,Female (n= 520),20.926749451083985,28.294528185314533
At public transport stops and stations,Other,Ward,Rose Hill,2018,74,24.7,299,Rose Hill (n= 299),20.19847269950685,29.94045458343037
At public transport stops and stations,Other,Neighbourhood,Ascot Vale,2018,26,24.8,105,Ascot Vale (n= 105),17.4949844596769,33.8103356138877
At public transport stops and stations,Other,Neighbourhood,Flemington,2018,46,26,177,Flemington (n= 177),20.086381173797538,32.91112252126043
At public transport stops and stations,Other,Neighbourhood,Niddrie / Essendon West,2018,10,26.3,38,Niddrie / Essendon West (n= 38),14.97162125479814,42.00884618746636
At public transport stops and stations,Other,Neighbourhood,Airport West,2018,20,31.7,63,Airport West (n= 63),21.586686653519656,44.003531744168576
At public transport stops and stations,Other,Neighbourhood,Strathmore Heights,2018,9,36,25,Strathmore Heights (n= 25),20.24788077445822,55.481502251835146
When walking alone in your local area during the day,Other,Neighbourhood,Niddrie / Essendon West,2018,1,2.3,43,Niddrie / Essendon West (n= 43),0.11928673113383856,12.058993440607175
When walking alone in your local area during the day,Other,Neighbourhood,Moonee Ponds,2018,5,4,125,Moonee Ponds (n= 125),1.7204609071915913,9.022555313974443
When walking alone in your local area during the day,Other,Age group,18-34 years,2018,15,4.2,353,18-34 years (n= 353),2.591777135330234,6.891834699610391
When walking alone in your local area during the day,Other,Neighbourhood,Keilor Road / Essendon North,2018,5,5.5,91,Keilor Road / Essendon North (n= 91),2.369509970342678,12.224802467282924
When walking alone in your local area during the day,Other,Neighbourhood,Avondale Heights,2018,3,5.9,51,Avondale Heights (n= 51),2.020663942246468,15.924626048800421
When walking alone in your local area during the day,Other,Neighbourhood,Ascot Vale,2018,7,6.6,106,Ascot Vale (n= 106),3.235414711203627,13.007503957437352
When walking alone in your local area during the day,Other,Neighbourhood,Aberfeldie,2018,3,6.8,44,Aberfeldie (n= 44),2.3459395907381624,18.22504437022153
When walking alone in your local area during the day,Other,Neighbourhood,Essendon,2018,8,7.1,112,Essendon (n= 112),3.663590189789059,13.464525273091843
When walking alone in your local area during the day,Other,Neighbourhood,Milleara,2018,7,7.6,92,Milleara (n= 92),3.734355970961541,14.881240077167257
When walking alone in your local area during the day,Other,Age group,35-49 years,2018,22,7.8,282,35-49 years (n= 282),5.208134030099813,11.528926793083523
When walking alone in your local area during the day,Other,Gender,Female,2018,42,7.8,541,Female (n= 541),5.794610779189684,10.327778110016068
When walking alone in your local area during the day,Other,Gender,Male,2018,39,7.8,502,Male (n= 502),5.734986374563397,10.444284302754593
When walking alone in your local area during the day,Other,Ward,Myrnong,2018,33,7.8,424,Myrnong (n= 424),5.595375961678087,10.728768737436797
When walking alone in your local area during the day,Other,Overall,Overall (2018),2018,83,7.9,1049,"Overall (2018) (n= 1,049)",6.428153354496831,9.703568795857741
When walking alone in your local area during the day,Other,Ward,Rose Hill,2018,27,8.2,328,Rose Hill (n= 328),5.71880142321005,11.711648354298898
When walking alone in your local area during the day,Other,Ward,Buckley,2018,25,8.4,299,Buckley (n= 299),5.7273972978191034,12.051363585964806
When walking alone in your local area during the day,Other,Neighbourhood,Keilor East,2018,6,8.7,69,Keilor East (n= 69),4.046362120153399,17.701498338942177
When walking alone in your local area during the day,Other,Age group,50-64 years,2018,20,9,222,50-64 years (n= 222),5.907626514668999,13.504867121188122
When walking alone in your local area during the day,Other,Neighbourhood,Strathmore Heights,2018,3,10.3,29,Strathmore Heights (n= 29),3.581489135067705,26.385081090773806
When walking alone in your local area during the day,Other,Neighbourhood,Flemington,2018,19,11,173,Flemington (n= 173),7.144557936985575,16.51587729111253
When walking alone in your local area during the day,Other,Neighbourhood,Airport West,2018,7,11.7,60,Airport West (n= 60),5.767720640056032,22.178788024170856
When walking alone in your local area during the day,Other,Age group,65+ years,2018,28,14.5,193,65+ years (n= 193),10.232033762370596,20.168807188114645
When walking alone in your local area during the day,Other,Neighbourhood,Strathmore,2018,8,14.8,54,Strathmore (n= 54),7.703063137605342,26.600115283605884
When walking alone in your local area at night,Other,Neighbourhood,Avondale Heights,2018,12,27.3,44,Avondale Heights (n= 44),16.34638162384338,41.84887309245119
When walking alone in your local area at night,Other,Neighbourhood,Moonee Ponds,2018,42,35.9,117,Moonee Ponds (n= 117),27.781180566949953,44.91031097738355
When walking alone in your local area at night,Other,Age group,18-34 years,2018,143,40.4,354,18-34 years (n= 354),35.413502653158574,45.58366848958675
When walking alone in your local area at night,Other,Gender,Male,2018,206,42.6,484,Male (n= 484),38.23263969236629,47.00846708563234
When walking alone in your local area at night,Other,Neighbourhood,Niddrie / Essendon West,2018,17,43.6,39,Niddrie / Essendon West (n= 39),29.304753875689638,59.024308351330525
When walking alone in your local area at night,Other,Neighbourhood,Aberfeldie,2018,19,44.2,43,Aberfeldie (n= 43),30.43330983917051,58.892385547175905
When walking alone in your local area at night,Other,Ward,Buckley,2018,130,47.4,274,Buckley (n= 274),41.608932672559796,53.3522224914595
When walking alone in your local area at night,Other,Neighbourhood,Keilor Road / Essendon North,2018,40,48.8,82,Keilor Road / Essendon North (n= 82),38.26089586061991,59.409227611794954
When walking alone in your local area at night,Other,Age group,35-49 years,2018,136,50,272,35-49 years (n= 272),44.09950665500093,55.90049334499907
When walking alone in your local area at night,Other,Neighbourhood,Essendon,2018,54,50.9,106,Essendon (n= 106),41.56150690106461,60.25929921483449
When walking alone in your local area at night,Other,Neighbourhood,Ascot Vale,2018,53,51,104,Ascot Vale (n= 104),41.49215996677402,60.36241435174049
When walking alone in your local area at night,Other,Overall,Overall (2018),2018,512,51.5,994,Overall (2018) (n= 994),48.40232742795558,54.604162203719554
When walking alone in your local area at night,Other,Ward,Myrnong,2018,216,52,415,Myrnong (n= 415),47.24495856793552,56.81385644237073
When walking alone in your local area at night,Other,Neighbourhood,Strathmore Heights,2018,14,53.8,26,Strathmore Heights (n= 26),35.45793874685879,71.24414646960876
When walking alone in your local area at night,Other,Ward,Rose Hill,2018,163,54,302,Rose Hill (n= 302),48.33746546269781,59.50973749420102
When walking alone in your local area at night,Other,Neighbourhood,Keilor East,2018,37,56.9,65,Keilor East (n= 65),44.83297467424587,68.24054258436072
When walking alone in your local area at night,Other,Neighbourhood,Strathmore,2018,28,57.1,49,Strathmore (n= 49),43.27049309001736,69.9766809211184
When walking alone in your local area at night,Other,Neighbourhood,Milleara,2018,51,59.3,86,Milleara (n= 86),48.7382730957907,69.070876722149
When walking alone in your local area at night,Other,Gender,Female,2018,302,59.8,505,Female (n= 505),55.467266071372876,63.98869575796494
When walking alone in your local area at night,Other,Neighbourhood,Flemington,2018,106,60.2,176,Flemington (n= 176),52.852410634522286,67.16522058136593
When walking alone in your local area at night,Other,Age group,50-64 years,2018,128,60.4,212,50-64 years (n= 212),53.66491932527025,66.72041361326966
When walking alone in your local area at night,Other,Age group,65+ years,2018,102,66.2,154,65+ years (n= 154),58.45044730415631,73.22690817239142
When walking alone in your local area at night,Other,Neighbourhood,Airport West,2018,39,68.4,57,Airport West (n= 57),55.52022530213655,78.99571236117475
