Organisation type (group),Service name,Suburb,Care type,Important calc. 1: Service name and suburb,Important calc. 2: Residential places,ACPR name,Organisation type,Latitude,Longitude,Residential places
Government,Boyne Russell House,BRUNSWICK,Residential aged care,"Boyne Russell House, BRUNSWICK","Boyne Russell House, BRUNSWICK",Northern Metro,Government,-37.767964,144.969508,30
Government,Cyril Jewell House,KEILOR EAST,Residential aged care,"Cyril Jewell House, KEILOR EAST","Cyril Jewell House, KEILOR EAST",Western Metro,Government,-37.7373254,144.85781986,45
Government,Ian Brand Nursing Home,BUNDOORA,Residential aged care,"Ian Brand Nursing Home, BUNDOORA","Ian Brand Nursing Home, BUNDOORA",Northern Metro,Government,-37.70096938,145.05764043,30
Government,Mary Guthrie House Nursing Home,KEW,Residential aged care,"Mary Guthrie House Nursing Home, KEW","Mary Guthrie House Nursing Home, KEW",Eastern Metro,Government,-37.78991843,145.02590565,20
Government,McLellan House Hostel,JACANA,Residential aged care,"McLellan House Hostel, JACANA","McLellan House Hostel, JACANA",Northern Metro,Government,-37.68581993,144.91265644,32
Government,Merv Irvine Nursing Home,BUNDOORA,Residential aged care,"Merv Irvine Nursing Home, BUNDOORA","Merv Irvine Nursing Home, BUNDOORA",Northern Metro,Government,-37.70096938,145.05764043,30
Not-for-profit,Villa Maria Catholic Homes Justin Villa Aged Care Residence,BALWYN,Residential aged care,"Villa Maria Catholic Homes Justin Villa Aged Care Residence, BALWYN","Villa Maria Catholic Homes Justin Villa Aged Care Residence, BALWYN",Eastern Metro,Not-for-profit,-37.80538102,145.09512202,17
Not-for-profit,Elizabeth Gardens Burwood,BURWOOD,Residential aged care,"Elizabeth Gardens Burwood, BURWOOD","Elizabeth Gardens Burwood, BURWOOD",Eastern Metro,Not-for-profit,-37.85812779,145.09575989,30
Not-for-profit,Auburn House,HAWTHORN EAST,Residential aged care,"Auburn House, HAWTHORN EAST","Auburn House, HAWTHORN EAST",Eastern Metro,Not-for-profit,-37.827452,145.051907,30
Not-for-profit,Royal Freemasons - Elizabeth Gardens Hostel,BURWOOD,Residential aged care,"Royal Freemasons - Elizabeth Gardens Hostel, BURWOOD","Royal Freemasons - Elizabeth Gardens Hostel, BURWOOD",Eastern Metro,Not-for-profit,-37.85812779,145.09575989,38
Not-for-profit,Uniting AgeWell Tanderra,CAMBERWELL,Residential aged care,"Uniting AgeWell Tanderra, CAMBERWELL","Uniting AgeWell Tanderra, CAMBERWELL",Eastern Metro,Not-for-profit,-37.83848616,145.08398855,40
Not-for-profit,Prague House,KEW,Residential aged care,"Prague House, KEW","Prague House, KEW",Eastern Metro,Not-for-profit,-37.8091645,145.05198938,45
Not-for-profit,Mercy Place Templestowe,TEMPLESTOWE LOWER,Residential aged care,"Mercy Place Templestowe, TEMPLESTOWE LOWER","Mercy Place Templestowe, TEMPLESTOWE LOWER",Eastern Metro,Not-for-profit,-37.760524,145.122145,52
Not-for-profit,mecwacare Simon Price Centre,MONT ALBERT NORTH,Residential aged care,"mecwacare Simon Price Centre, MONT ALBERT NORTH","mecwacare Simon Price Centre, MONT ALBERT NORTH",Eastern Metro,Not-for-profit,-37.80752346,145.11305769,53
Not-for-profit,Doncaster Melaleuca Lodge,DONCASTER,Residential aged care,"Doncaster Melaleuca Lodge, DONCASTER","Doncaster Melaleuca Lodge, DONCASTER",Eastern Metro,Not-for-profit,-37.776454,145.118946,60
Not-for-profit,Fronditha Lower Templestowe,TEMPLESTOWE LOWER,Residential aged care,"Fronditha Lower Templestowe, TEMPLESTOWE LOWER","Fronditha Lower Templestowe, TEMPLESTOWE LOWER",Eastern Metro,Not-for-profit,-37.7555231,145.11582155,60
Not-for-profit,Uniting AgeWell Condare Court,CAMBERWELL,Residential aged care,"Uniting AgeWell Condare Court, CAMBERWELL","Uniting AgeWell Condare Court, CAMBERWELL",Eastern Metro,Not-for-profit,-37.843052,145.092279,62
Not-for-profit,Benetas Broughton Hall,CAMBERWELL,Residential aged care,"Benetas Broughton Hall, CAMBERWELL","Benetas Broughton Hall, CAMBERWELL",Eastern Metro,Not-for-profit,-37.824297,145.060194,65
Not-for-profit,Villa Maria Catholic Homes St Catherine's Aged Care Residence,BALWYN,Residential aged care,"Villa Maria Catholic Homes St Catherine's Aged Care Residence, BALWYN","Villa Maria Catholic Homes St Catherine's Aged Care Residence, BALWYN",Eastern Metro,Not-for-profit,-37.8056931,145.09695645,89
Not-for-profit,Cabrini Residential Care - Ashwood,ASHWOOD,Residential aged care,"Cabrini Residential Care - Ashwood, ASHWOOD","Cabrini Residential Care - Ashwood, ASHWOOD",Eastern Metro,Not-for-profit,-37.87045441,145.09519596,90
Not-for-profit,Cassia House,DONCASTER,Residential aged care,"Cassia House, DONCASTER","Cassia House, DONCASTER",Eastern Metro,Not-for-profit,-37.77597034,145.11825285,90
Not-for-profit,Uniting AgeWell Carnsworth,KEW,Residential aged care,"Uniting AgeWell Carnsworth, KEW","Uniting AgeWell Carnsworth, KEW",Eastern Metro,Not-for-profit,-37.802593151,145.027690714,90
Not-for-profit,St Vincent's Care Services Hawthorn,HAWTHORN EAST,Residential aged care,"St Vincent's Care Services Hawthorn, HAWTHORN EAST","St Vincent's Care Services Hawthorn, HAWTHORN EAST",Eastern Metro,Not-for-profit,-37.83177077,145.0538478,91
Not-for-profit,Samarinda Lodge,ASHBURTON,Residential aged care,"Samarinda Lodge, ASHBURTON","Samarinda Lodge, ASHBURTON",Eastern Metro,Not-for-profit,-37.864373,145.085815,92
Not-for-profit,Baptcare - Karana Community,KEW,Residential aged care,"Baptcare - Karana Community, KEW","Baptcare - Karana Community, KEW",Eastern Metro,Not-for-profit,-37.8017417,145.03125849,93
Not-for-profit,Nazareth House Camberwell,CAMBERWELL,Residential aged care,"Nazareth House Camberwell, CAMBERWELL","Nazareth House Camberwell, CAMBERWELL",Eastern Metro,Not-for-profit,-37.83939361,145.0888082,100
Not-for-profit,Baptcare - Hedley Sutton Community,CAMBERWELL,Residential aged care,"Baptcare - Hedley Sutton Community, CAMBERWELL","Baptcare - Hedley Sutton Community, CAMBERWELL",Eastern Metro,Not-for-profit,-37.82171841,145.0626288,100
Not-for-profit,Lynden Aged Care,CAMBERWELL,Residential aged care,"Lynden Aged Care, CAMBERWELL","Lynden Aged Care, CAMBERWELL",Eastern Metro,Not-for-profit,-37.84180173,145.0869114,102
Not-for-profit,Eva Tilley Memorial Hostel,BALWYN NORTH,Residential aged care,"Eva Tilley Memorial Hostel, BALWYN NORTH","Eva Tilley Memorial Hostel, BALWYN NORTH",Eastern Metro,Not-for-profit,-37.79134319,145.06436938,120
Not-for-profit,Uniting AgeWell Box Hill,BOX HILL,Residential aged care,"Uniting AgeWell Box Hill, BOX HILL","Uniting AgeWell Box Hill, BOX HILL",Eastern Metro,Not-for-profit,-37.81374123,145.12374776,120
Not-for-profit,Faversham House,CANTERBURY,Residential aged care,"Faversham House, CANTERBURY","Faversham House, CANTERBURY",Eastern Metro,Not-for-profit,-37.82334213,145.08520622,185
Not-for-profit,Cambridge House,COLLINGWOOD,Residential aged care,"Cambridge House, COLLINGWOOD","Cambridge House, COLLINGWOOD",Northern Metro,Not-for-profit,-37.8081155,144.98456689,30
Not-for-profit,mecwacare Rositano House,RICHMOND,Residential aged care,"mecwacare Rositano House, RICHMOND","mecwacare Rositano House, RICHMOND",Northern Metro,Not-for-profit,-37.820196,144.999117,30
Not-for-profit,Riverside House,RICHMOND,Residential aged care,"Riverside House, RICHMOND","Riverside House, RICHMOND",Northern Metro,Not-for-profit,-37.8146661,145.01234775,30
Not-for-profit,mecwacare Vincent House,WESTMEADOWS,Residential aged care,"mecwacare Vincent House, WESTMEADOWS","mecwacare Vincent House, WESTMEADOWS",Northern Metro,Not-for-profit,-37.67524296,144.89614897,30
Not-for-profit,Ottoman Village Aged Care,BROADMEADOWS,Residential aged care,"Ottoman Village Aged Care, BROADMEADOWS","Ottoman Village Aged Care, BROADMEADOWS",Northern Metro,Not-for-profit,-37.67637415,144.91568389,32
Not-for-profit,Mercy Place Abbotsford Hostel,ABBOTSFORD,Residential aged care,"Mercy Place Abbotsford Hostel, ABBOTSFORD","Mercy Place Abbotsford Hostel, ABBOTSFORD",Northern Metro,Not-for-profit,-37.80204383,145.00211799,35
Not-for-profit,Grace Of Mary Greek Cypriot Elderly Hostel,EPPING,Residential aged care,"Grace Of Mary Greek Cypriot Elderly Hostel, EPPING","Grace Of Mary Greek Cypriot Elderly Hostel, EPPING",Northern Metro,Not-for-profit,-37.647814,145.059959,42
Not-for-profit,Sambell Lodge,CLIFTON HILL,Residential aged care,"Sambell Lodge, CLIFTON HILL","Sambell Lodge, CLIFTON HILL",Northern Metro,Not-for-profit,-37.79220967,144.99103092,43
Not-for-profit,Sumner House,FITZROY,Residential aged care,"Sumner House, FITZROY","Sumner House, FITZROY",Northern Metro,Not-for-profit,-37.80439,144.976476,43
Not-for-profit,Mercy Place Abbotsford Nursing Home,ABBOTSFORD,Residential aged care,"Mercy Place Abbotsford Nursing Home, ABBOTSFORD","Mercy Place Abbotsford Nursing Home, ABBOTSFORD",Northern Metro,Not-for-profit,-37.80204383,145.00211799,49
Not-for-profit,Vasey RSL Care Ivanhoe,IVANHOE,Residential aged care,"Vasey RSL Care Ivanhoe, IVANHOE","Vasey RSL Care Ivanhoe, IVANHOE",Northern Metro,Not-for-profit,-37.7522358,145.05031556,50
Not-for-profit,Benetas Gladswood Lodge,BRUNSWICK WEST,Residential aged care,"Benetas Gladswood Lodge, BRUNSWICK WEST","Benetas Gladswood Lodge, BRUNSWICK WEST",Northern Metro,Not-for-profit,-37.758684,144.934543,51
Not-for-profit,Wintringham Gilgunya Village,COBURG,Residential aged care,"Wintringham Gilgunya Village, COBURG","Wintringham Gilgunya Village, COBURG",Northern Metro,Not-for-profit,-37.745196,144.969244,51
Not-for-profit,Little Sisters of the Poor St Joseph's Home,NORTHCOTE,Residential aged care,"Little Sisters of the Poor St Joseph's Home, NORTHCOTE","Little Sisters of the Poor St Joseph's Home, NORTHCOTE",Northern Metro,Not-for-profit,-37.77170175,144.99107529,51
Not-for-profit,Edith Bendall Lodge,PASCOE VALE,Residential aged care,"Edith Bendall Lodge, PASCOE VALE","Edith Bendall Lodge, PASCOE VALE",Northern Metro,Not-for-profit,-37.72907781,144.92562485,60
Not-for-profit,St Paul's Hostel for the Elderly,THORNBURY,Residential aged care,"St Paul's Hostel for the Elderly, THORNBURY","St Paul's Hostel for the Elderly, THORNBURY",Northern Metro,Not-for-profit,-37.75409211,144.9832619,60
Not-for-profit,Liscombe House,SAINT HELENA,Residential aged care,"Liscombe House, SAINT HELENA","Liscombe House, SAINT HELENA",Northern Metro,Not-for-profit,-37.689009,145.132578,81
Not-for-profit,Corpus Christi Community,GREENVALE,Residential aged care,"Corpus Christi Community, GREENVALE","Corpus Christi Community, GREENVALE",Northern Metro,Not-for-profit,-37.637223,144.880831,88
Not-for-profit,Vasey RSL Care Bundoora,BUNDOORA,Residential aged care,"Vasey RSL Care Bundoora, BUNDOORA","Vasey RSL Care Bundoora, BUNDOORA",Northern Metro,Not-for-profit,-37.7028324,145.05467673,90
Not-for-profit,Baptcare Brookview Community,WESTMEADOWS,Residential aged care,"Baptcare Brookview Community, WESTMEADOWS","Baptcare Brookview Community, WESTMEADOWS",Northern Metro,Not-for-profit,-37.673926,144.910137,90
Not-for-profit,Villa Maria Catholic Homes Bundoora Aged Care Residence,BUNDOORA,Residential aged care,"Villa Maria Catholic Homes Bundoora Aged Care Residence, BUNDOORA","Villa Maria Catholic Homes Bundoora Aged Care Residence, BUNDOORA",Northern Metro,Not-for-profit,-37.69231857,145.06325376,91
Not-for-profit,Dorothy Impey Home,PASCOE VALE,Residential aged care,"Dorothy Impey Home, PASCOE VALE","Dorothy Impey Home, PASCOE VALE",Northern Metro,Not-for-profit,-37.734724,144.937294,95
Not-for-profit,Mercy Place Keon Park,KEON PARK,Residential aged care,"Mercy Place Keon Park, KEON PARK","Mercy Place Keon Park, KEON PARK",Northern Metro,Not-for-profit,-37.69727702,145.0260296,96
Not-for-profit,The Views at Heidelberg,HEIDELBERG,Residential aged care,"The Views at Heidelberg, HEIDELBERG","The Views at Heidelberg, HEIDELBERG",Northern Metro,Not-for-profit,-37.746992,145.05829,103
Not-for-profit,Fronditha Anesi Aged Care Services - Thornbury,THORNBURY,Residential aged care,"Fronditha Anesi Aged Care Services - Thornbury, THORNBURY","Fronditha Anesi Aged Care Services - Thornbury, THORNBURY",Northern Metro,Not-for-profit,-37.764523,145.020785,120
Not-for-profit,Baptcare - Strathalan Community,MACLEOD,Residential aged care,"Baptcare - Strathalan Community, MACLEOD","Baptcare - Strathalan Community, MACLEOD",Northern Metro,Not-for-profit,-37.728109,145.076809,124
Not-for-profit,San Carlo Homes for the Aged,SOUTH MORANG,Residential aged care,"San Carlo Homes for the Aged, SOUTH MORANG","San Carlo Homes for the Aged, SOUTH MORANG",Northern Metro,Not-for-profit,-37.639174,145.096121,136
Not-for-profit,St Basil's Homes for the Aged in Victoria,FAWKNER,Residential aged care,"St Basil's Homes for the Aged in Victoria, FAWKNER","St Basil's Homes for the Aged in Victoria, FAWKNER",Northern Metro,Not-for-profit,-37.71485033,144.97561095,150
Not-for-profit,Benetas Colton Close,GLENROY,Residential aged care,"Benetas Colton Close, GLENROY","Benetas Colton Close, GLENROY",Northern Metro,Not-for-profit,-37.70536179,144.91128132,150
Not-for-profit,Assisi Centre Aged Care,ROSANNA,Residential aged care,"Assisi Centre Aged Care, ROSANNA","Assisi Centre Aged Care, ROSANNA",Northern Metro,Not-for-profit,-37.74103746,145.07383604,150
Not-for-profit,South Port Community Residential Home,ALBERT PARK,Residential aged care,"South Port Community Residential Home, ALBERT PARK","South Port Community Residential Home, ALBERT PARK",Southern Metro,Not-for-profit,-37.84279367,144.94778901,30
Not-for-profit,Wintringham Hostel - Port Melbourne,PORT MELBOURNE,Residential aged care,"Wintringham Hostel - Port Melbourne, PORT MELBOURNE","Wintringham Hostel - Port Melbourne, PORT MELBOURNE",Southern Metro,Not-for-profit,-37.8378555,144.93251964,35
Not-for-profit,Benetas Lovell House,CAULFIELD NORTH,Residential aged care,"Benetas Lovell House, CAULFIELD NORTH","Benetas Lovell House, CAULFIELD NORTH",Southern Metro,Not-for-profit,-37.865573,145.023295,40
Not-for-profit,mecwacare Trescowthick Centre,PRAHRAN,Residential aged care,"mecwacare Trescowthick Centre, PRAHRAN","mecwacare Trescowthick Centre, PRAHRAN",Southern Metro,Not-for-profit,-37.8487697,144.98919467,60
Not-for-profit,Napier Street Aged Care Services,SOUTH MELBOURNE,Residential aged care,"Napier Street Aged Care Services, SOUTH MELBOURNE","Napier Street Aged Care Services, SOUTH MELBOURNE",Southern Metro,Not-for-profit,-37.83690015,144.9612561,62
Not-for-profit,HammondCare - Caulfield Home,CAULFIELD,Residential aged care,"HammondCare - Caulfield Home, CAULFIELD","HammondCare - Caulfield Home, CAULFIELD",Southern Metro,Not-for-profit,-37.884159,145.015926,69
Not-for-profit,HammondCare - Caulfield Village,CAULFIELD,Residential aged care,"HammondCare - Caulfield Village, CAULFIELD","HammondCare - Caulfield Village, CAULFIELD",Southern Metro,Not-for-profit,-37.882215,145.015908,81
Not-for-profit,Sacred Heart Community,ST KILDA,Residential aged care,"Sacred Heart Community, ST KILDA","Sacred Heart Community, ST KILDA",Southern Metro,Not-for-profit,-37.86425578,144.97914103,83
Not-for-profit,Smorgon Nursing Home,MELBOURNE,Residential aged care,"Smorgon Nursing Home, MELBOURNE","Smorgon Nursing Home, MELBOURNE",Southern Metro,Not-for-profit,-37.85287943,144.98204979,90
Not-for-profit,mecwacare Malvern Centre,MALVERN,Residential aged care,"mecwacare Malvern Centre, MALVERN","mecwacare Malvern Centre, MALVERN",Southern Metro,Not-for-profit,-37.85211635,145.0348738,108
Not-for-profit,Montefiore Homes Community Residence,MELBOURNE,Residential aged care,"Montefiore Homes Community Residence, MELBOURNE","Montefiore Homes Community Residence, MELBOURNE",Southern Metro,Not-for-profit,-37.85287943,144.98204979,110
Not-for-profit,Melbourne Hebrew Memorial Nursing Home,CAULFIELD,Residential aged care,"Melbourne Hebrew Memorial Nursing Home, CAULFIELD","Melbourne Hebrew Memorial Nursing Home, CAULFIELD",Southern Metro,Not-for-profit,-37.88672485,145.02981025,120
Not-for-profit,mecwacare Noel Miller Centre,GLEN IRIS,Residential aged care,"mecwacare Noel Miller Centre, GLEN IRIS","mecwacare Noel Miller Centre, GLEN IRIS",Southern Metro,Not-for-profit,-37.856046,145.04705139,138
Not-for-profit,Emerald Hill Residence,SOUTH MELBOURNE,Residential aged care,"Emerald Hill Residence, SOUTH MELBOURNE","Emerald Hill Residence, SOUTH MELBOURNE",Southern Metro,Not-for-profit,-37.836578,144.960677,146
Not-for-profit,Emmy Monash Aged Care,CAULFIELD NORTH,Residential aged care,"Emmy Monash Aged Care, CAULFIELD NORTH","Emmy Monash Aged Care, CAULFIELD NORTH",Southern Metro,Not-for-profit,-37.866235,145.026589,151
Not-for-profit,Wintringham McLean Lodge Hostel,FLEMINGTON,Residential aged care,"Wintringham McLean Lodge Hostel, FLEMINGTON","Wintringham McLean Lodge Hostel, FLEMINGTON",Western Metro,Not-for-profit,-37.783346,144.936124,21
Not-for-profit,Victorian Elderly Chinese Hostel,ASCOT VALE,Residential aged care,"Victorian Elderly Chinese Hostel, ASCOT VALE","Victorian Elderly Chinese Hostel, ASCOT VALE",Western Metro,Not-for-profit,-37.77442634,144.90600193,31
Not-for-profit,Mercy Place Newport,NEWPORT,Residential aged care,"Mercy Place Newport, NEWPORT","Mercy Place Newport, NEWPORT",Western Metro,Not-for-profit,-37.84738018,144.88672771,37
Not-for-profit,Doutta Galla Grantham Green Aged Care Facility,ST ALBANS,Residential aged care,"Doutta Galla Grantham Green Aged Care Facility, ST ALBANS","Doutta Galla Grantham Green Aged Care Facility, ST ALBANS",Western Metro,Not-for-profit,-37.753083,144.820779,44
Not-for-profit,St Andrews Hostel,ARDEER,Residential aged care,"St Andrews Hostel, ARDEER","St Andrews Hostel, ARDEER",Western Metro,Not-for-profit,-37.783663,144.812239,45
Not-for-profit,Doutta Galla Queens Park Aged Care Facility,MOONEE PONDS,Residential aged care,"Doutta Galla Queens Park Aged Care Facility, MOONEE PONDS","Doutta Galla Queens Park Aged Care Facility, MOONEE PONDS",Western Metro,Not-for-profit,-37.76001,144.924259,45
Not-for-profit,Elderly Chinese Home,PARKVILLE,Residential aged care,"Elderly Chinese Home, PARKVILLE","Elderly Chinese Home, PARKVILLE",Western Metro,Not-for-profit,-37.7836179,144.94059415,47
Not-for-profit,Doutta Galla Yarraville Village Aged Care Facility,YARRAVILLE,Residential aged care,"Doutta Galla Yarraville Village Aged Care Facility, YARRAVILLE","Doutta Galla Yarraville Village Aged Care Facility, YARRAVILLE",Western Metro,Not-for-profit,-37.813522,144.892978,47
Not-for-profit,Rosary Home,KEILOR DOWNS,Residential aged care,"Rosary Home, KEILOR DOWNS","Rosary Home, KEILOR DOWNS",Western Metro,Not-for-profit,-37.715408,144.805889,50
Not-for-profit,Royal Freemasons Springtime,SYDENHAM,Residential aged care,"Royal Freemasons Springtime, SYDENHAM","Royal Freemasons Springtime, SYDENHAM",Western Metro,Not-for-profit,-37.68479878,144.75984668,50
Not-for-profit,Doutta Galla Lynch's Bridge Aged Care Facility,KENSINGTON,Residential aged care,"Doutta Galla Lynch's Bridge Aged Care Facility, KENSINGTON","Doutta Galla Lynch's Bridge Aged Care Facility, KENSINGTON",Western Metro,Not-for-profit,-37.789883,144.926735,58
Not-for-profit,Wintringham Ron Conn Nursing Home,AVONDALE HEIGHTS,Residential aged care,"Wintringham Ron Conn Nursing Home, AVONDALE HEIGHTS","Wintringham Ron Conn Nursing Home, AVONDALE HEIGHTS",Western Metro,Not-for-profit,-37.765559,144.85954,60
Not-for-profit,Mekong Cairnlea Vietnamese Aged Care,CAIRNLEA,Residential aged care,"Mekong Cairnlea Vietnamese Aged Care, CAIRNLEA","Mekong Cairnlea Vietnamese Aged Care, CAIRNLEA",Western Metro,Not-for-profit,-37.752476,144.779532,60
Not-for-profit,Royal Freemasons Footscray,FOOTSCRAY,Residential aged care,"Royal Freemasons Footscray, FOOTSCRAY","Royal Freemasons Footscray, FOOTSCRAY",Western Metro,Not-for-profit,-37.7866032,144.88428228,60
Not-for-profit,Fronditha Thalpori Aged Care Services - St Albans,ST ALBANS,Residential aged care,"Fronditha Thalpori Aged Care Services - St Albans, ST ALBANS","Fronditha Thalpori Aged Care Services - St Albans, ST ALBANS",Western Metro,Not-for-profit,-37.76036474,144.81056568,60
Not-for-profit,Wintringham Williamstown Hostel,WILLIAMSTOWN NORTH,Residential aged care,"Wintringham Williamstown Hostel, WILLIAMSTOWN NORTH","Wintringham Williamstown Hostel, WILLIAMSTOWN NORTH",Western Metro,Not-for-profit,-37.85503408,144.87907236,60
Not-for-profit,Doutta Galla Woornack Aged Care Facility,SUNSHINE WEST,Residential aged care,"Doutta Galla Woornack Aged Care Facility, SUNSHINE WEST","Doutta Galla Woornack Aged Care Facility, SUNSHINE WEST",Western Metro,Not-for-profit,-37.78749453,144.82327164,62
Not-for-profit,Mekong Vietnamese Aged Care,KEILOR EAST,Residential aged care,"Mekong Vietnamese Aged Care, KEILOR EAST","Mekong Vietnamese Aged Care, KEILOR EAST",Western Metro,Not-for-profit,-37.7361142,144.85729224,65
Not-for-profit,Uniting AgeWell Kingsville,KINGSVILLE,Residential aged care,"Uniting AgeWell Kingsville, KINGSVILLE","Uniting AgeWell Kingsville, KINGSVILLE",Western Metro,Not-for-profit,-37.807111,144.87764,68
Not-for-profit,Holloway Aged Care Services,KEILOR EAST,Residential aged care,"Holloway Aged Care Services, KEILOR EAST","Holloway Aged Care Services, KEILOR EAST",Western Metro,Not-for-profit,-37.74693353,144.86204931,70
Not-for-profit,Gregory Lodge,FLEMINGTON,Residential aged care,"Gregory Lodge, FLEMINGTON","Gregory Lodge, FLEMINGTON",Western Metro,Not-for-profit,-37.78621024,144.92693745,73
Not-for-profit,Doutta Galla Footscray Aged Care Facility,FOOTSCRAY,Residential aged care,"Doutta Galla Footscray Aged Care Facility, FOOTSCRAY","Doutta Galla Footscray Aged Care Facility, FOOTSCRAY",Western Metro,Not-for-profit,-37.79729385,144.8946732,88
Not-for-profit,Villa Maria Catholic Homes St Bernadette's Aged Care Residence,SUNSHINE NORTH,Residential aged care,"Villa Maria Catholic Homes St Bernadette's Aged Care Residence, SUNSHINE NORTH","Villa Maria Catholic Homes St Bernadette's Aged Care Residence, SUNSHINE NORTH",Western Metro,Not-for-profit,-37.75946801,144.82545308,96
Not-for-profit,Kalyna Care,DELAHEY,Residential aged care,"Kalyna Care, DELAHEY","Kalyna Care, DELAHEY",Western Metro,Not-for-profit,-37.72412823,144.77297364,102
Not-for-profit,Churches of Christ Care Arcadia Aged Care Service Essendon,ESSENDON,Residential aged care,"Churches of Christ Care Arcadia Aged Care Service Essendon, ESSENDON","Churches of Christ Care Arcadia Aged Care Service Essendon, ESSENDON",Western Metro,Not-for-profit,-37.74288876,144.90488538,103
Not-for-profit,Doutta Galla Avondale Heights Aged Care Facility,AVONDALE HEIGHTS,Residential aged care,"Doutta Galla Avondale Heights Aged Care Facility, AVONDALE HEIGHTS","Doutta Galla Avondale Heights Aged Care Facility, AVONDALE HEIGHTS",Western Metro,Not-for-profit,-37.75727679,144.85202163,108
Not-for-profit,Mercy Place East Melbourne,EAST MELBOURNE,Residential aged care,"Mercy Place East Melbourne, EAST MELBOURNE","Mercy Place East Melbourne, EAST MELBOURNE",Western Metro,Not-for-profit,-37.81238564,144.98417315,110
Not-for-profit,James Barker House,FOOTSCRAY,Residential aged care,"James Barker House, FOOTSCRAY","James Barker House, FOOTSCRAY",Western Metro,Not-for-profit,-37.8036364,144.89601065,120
Not-for-profit,Baptcare - Westhaven Community,FOOTSCRAY,Residential aged care,"Baptcare - Westhaven Community, FOOTSCRAY","Baptcare - Westhaven Community, FOOTSCRAY",Western Metro,Not-for-profit,-37.8012115,144.894414,127
Not-for-profit,Mercy Place Parkville,PARKVILLE,Residential aged care,"Mercy Place Parkville, PARKVILLE","Mercy Place Parkville, PARKVILLE",Western Metro,Not-for-profit,-37.77668443,144.93893631,140
Not-for-profit,Benetas St George's,ALTONA MEADOWS,Residential aged care,"Benetas St George's, ALTONA MEADOWS","Benetas St George's, ALTONA MEADOWS",Western Metro,Not-for-profit,-37.87881045,144.78132318,154
Not-for-profit,Coppin Centre,MELBOURNE,Residential aged care,"Coppin Centre, MELBOURNE","Coppin Centre, MELBOURNE",Western Metro,Not-for-profit,-37.84768485,144.98446431,183
Private,Trinity Manor Burwood,BURWOOD,Residential aged care,"Trinity Manor Burwood, BURWOOD","Trinity Manor Burwood, BURWOOD",Eastern Metro,Private,-37.84939057,145.10118038,45
Private,Camberwell Green,CAMBERWELL,Residential aged care,"Camberwell Green, CAMBERWELL","Camberwell Green, CAMBERWELL",Eastern Metro,Private,-37.83771279,145.08295883,46
Private,BlueCross Highgrove,KEW,Residential aged care,"BlueCross Highgrove, KEW","BlueCross Highgrove, KEW",Eastern Metro,Private,-37.809261,145.017566,49
Private,Emmavale Gardens,TEMPLESTOWE LOWER,Residential aged care,"Emmavale Gardens, TEMPLESTOWE LOWER","Emmavale Gardens, TEMPLESTOWE LOWER",Eastern Metro,Private,-37.7733289,145.11649581,50
Private,Arcare Surrey Hills,SURREY HILLS,Residential aged care,"Arcare Surrey Hills, SURREY HILLS","Arcare Surrey Hills, SURREY HILLS",Eastern Metro,Private,-37.828287,145.102336,53
Private,Regis Shenley Manor,CAMBERWELL,Residential aged care,"Regis Shenley Manor, CAMBERWELL","Regis Shenley Manor, CAMBERWELL",Eastern Metro,Private,-37.83793221,145.06404383,60
Private,Templestowe Manor,TEMPLESTOWE LOWER,Residential aged care,"Templestowe Manor, TEMPLESTOWE LOWER","Templestowe Manor, TEMPLESTOWE LOWER",Eastern Metro,Private,-37.75830108,145.1141925,60
Private,The Mews Aged Care Facility,CAMBERWELL EAST,Residential aged care,"The Mews Aged Care Facility, CAMBERWELL EAST","The Mews Aged Care Facility, CAMBERWELL EAST",Eastern Metro,Private,-37.826161,145.071349,64
Private,Grand Cedar,ASHWOOD,Residential aged care,"Grand Cedar, ASHWOOD","Grand Cedar, ASHWOOD",Eastern Metro,Private,-37.8661061,145.09702007,75
Private,Camberwell Gardens,CAMBERWELL,Residential aged care,"Camberwell Gardens, CAMBERWELL","Camberwell Gardens, CAMBERWELL",Eastern Metro,Private,-37.83901925,145.08840759,75
Private,BlueCross Ashby,TEMPLESTOWE LOWER,Residential aged care,"BlueCross Ashby, TEMPLESTOWE LOWER","BlueCross Ashby, TEMPLESTOWE LOWER",Eastern Metro,Private,-37.76156736,145.12014009,78
Private,Highwood Court,BURWOOD,Residential aged care,"Highwood Court, BURWOOD","Highwood Court, BURWOOD",Eastern Metro,Private,-37.8530942,145.09537058,79
Private,Trinity Manor,DEEPDENE,Residential aged care,"Trinity Manor, DEEPDENE","Trinity Manor, DEEPDENE",Eastern Metro,Private,-37.80970813,145.0657701,83
Private,The Gables Aged Care Facility,CAMBERWELL,Residential aged care,"The Gables Aged Care Facility, CAMBERWELL","The Gables Aged Care Facility, CAMBERWELL",Eastern Metro,Private,-37.832379,145.066985,95
Private,Kew Gardens Aged Care,KEW,Residential aged care,"Kew Gardens Aged Care, KEW","Kew Gardens Aged Care, KEW",Eastern Metro,Private,-37.80823986,145.03267184,100
Private,BlueCross Broughtonlea,SURREY HILLS,Residential aged care,"BlueCross Broughtonlea, SURREY HILLS","BlueCross Broughtonlea, SURREY HILLS",Eastern Metro,Private,-37.827812,145.104246,104
Private,BlueCross Scotchmans Creek,MOUNT WAVERLEY,Residential aged care,"BlueCross Scotchmans Creek, MOUNT WAVERLEY","BlueCross Scotchmans Creek, MOUNT WAVERLEY",Eastern Metro,Private,-37.885804,145.135314,134
Private,BlueCross Box Hill,BOX HILL,Residential aged care,"BlueCross Box Hill, BOX HILL","BlueCross Box Hill, BOX HILL",Eastern Metro,Private,-37.8163953,145.1313224,173
Private,Mayflower Reservoir,RESERVOIR,Residential aged care,"Mayflower Reservoir, RESERVOIR","Mayflower Reservoir, RESERVOIR",Northern Metro,Private,-37.70453929,144.99497689,38
Private,Twin Parks Hostel,RESERVOIR,Residential aged care,"Twin Parks Hostel, RESERVOIR","Twin Parks Hostel, RESERVOIR",Northern Metro,Private,-37.732101,145.036395,43
Private,Medina Manor,THORNBURY,Residential aged care,"Medina Manor, THORNBURY","Medina Manor, THORNBURY",Northern Metro,Private,-37.75571171,144.98378501,44
Private,Alphington Aged Care,ALPHINGTON,Residential aged care,"Alphington Aged Care, ALPHINGTON","Alphington Aged Care, ALPHINGTON",Northern Metro,Private,-37.77938975,145.03578015,45
Private,Estia Health Heidelberg West,HEIDELBERG WEST,Residential aged care,"Estia Health Heidelberg West, HEIDELBERG WEST","Estia Health Heidelberg West, HEIDELBERG WEST",Northern Metro,Private,-37.748036,145.046458,45
Private,Bupa Thomastown,THOMASTOWN,Residential aged care,"Bupa Thomastown, THOMASTOWN","Bupa Thomastown, THOMASTOWN",Northern Metro,Private,-37.68333265,145.02910965,45
Private,BlueCross Clevedon Terrace,HEIDELBERG,Residential aged care,"BlueCross Clevedon Terrace, HEIDELBERG","BlueCross Clevedon Terrace, HEIDELBERG",Northern Metro,Private,-37.757343,145.054151,51
Private,Villa Del Sole,GLENROY,Residential aged care,"Villa Del Sole, GLENROY","Villa Del Sole, GLENROY",Northern Metro,Private,-37.70377589,144.90857249,52
Private,Green Gables Private Hostel,EPPING,Residential aged care,"Green Gables Private Hostel, EPPING","Green Gables Private Hostel, EPPING",Northern Metro,Private,-37.65049793,145.03143266,55
Private,Northern Gardens Aged Care,BRUNSWICK,Residential aged care,"Northern Gardens Aged Care, BRUNSWICK","Northern Gardens Aged Care, BRUNSWICK",Northern Metro,Private,-37.75583355,144.96385485,60
Private,Aurrum Brunswick,BRUNSWICK WEST,Residential aged care,"Aurrum Brunswick, BRUNSWICK WEST","Aurrum Brunswick, BRUNSWICK WEST",Northern Metro,Private,-37.75994119,144.93896941,60
Private,Estia Health Coolaroo,COOLAROO,Residential aged care,"Estia Health Coolaroo, COOLAROO","Estia Health Coolaroo, COOLAROO",Northern Metro,Private,-37.65766601,144.93136701,60
Private,Opal Roxburgh,MEADOW HEIGHTS,Residential aged care,"Opal Roxburgh, MEADOW HEIGHTS","Opal Roxburgh, MEADOW HEIGHTS",Northern Metro,Private,-37.64431173,144.91395046,63
Private,The Ashley,RESERVOIR,Residential aged care,"The Ashley, RESERVOIR","The Ashley, RESERVOIR",Northern Metro,Private,-37.7179495,145.00189751,65
Private,Bupa South Morang,SOUTH MORANG,Residential aged care,"Bupa South Morang, SOUTH MORANG","Bupa South Morang, SOUTH MORANG",Northern Metro,Private,-37.6546481,145.0881468,65
Private,Estia Health Plenty Valley,SOUTH MORANG,Residential aged care,"Estia Health Plenty Valley, SOUTH MORANG","Estia Health Plenty Valley, SOUTH MORANG",Northern Metro,Private,-37.652707,145.087432,68
Private,Regis Macleod,MACLEOD,Residential aged care,"Regis Macleod, MACLEOD","Regis Macleod, MACLEOD",Northern Metro,Private,-37.718891,145.07553,69
Private,Estia Health Epping VIC,EPPING,Residential aged care,"Estia Health Epping VIC, EPPING","Estia Health Epping VIC, EPPING",Northern Metro,Private,-37.635063,145.02719879,70
Private,Arcare Reservoir,RESERVOIR,Residential aged care,"Arcare Reservoir, RESERVOIR","Arcare Reservoir, RESERVOIR",Northern Metro,Private,-37.72541292,145.02994888,70
Private,Bupa Coburg,COBURG,Residential aged care,"Bupa Coburg, COBURG","Bupa Coburg, COBURG",Northern Metro,Private,-37.7387987,144.96125875,75
Private,Deloraine Private Nursing Home,GREENSBOROUGH,Residential aged care,"Deloraine Private Nursing Home, GREENSBOROUGH","Deloraine Private Nursing Home, GREENSBOROUGH",Northern Metro,Private,-37.7072377,145.09407476,75
Private,Ruckers Hill Aged Care Facility,NORTHCOTE,Residential aged care,"Ruckers Hill Aged Care Facility, NORTHCOTE","Ruckers Hill Aged Care Facility, NORTHCOTE",Northern Metro,Private,-37.778446,144.997644,75
Private,Glenlyn Aged Care Facility,GLENROY,Residential aged care,"Glenlyn Aged Care Facility, GLENROY","Glenlyn Aged Care Facility, GLENROY",Northern Metro,Private,-37.70286745,144.91146709,76
Private,Westgarth Aged Care Facility,NORTHCOTE,Residential aged care,"Westgarth Aged Care Facility, NORTHCOTE","Westgarth Aged Care Facility, NORTHCOTE",Northern Metro,Private,-37.78187025,145.00350656,80
Private,North Western District Private Nursing Home,GLADSTONE PARK,Residential aged care,"North Western District Private Nursing Home, GLADSTONE PARK","North Western District Private Nursing Home, GLADSTONE PARK",Northern Metro,Private,-37.68698685,144.88616796,82
Private,Regis Fawkner,FAWKNER,Residential aged care,"Regis Fawkner, FAWKNER","Regis Fawkner, FAWKNER",Northern Metro,Private,-37.70704442,144.96342856,90
Private,BlueCross Glengowrie,GLENROY,Residential aged care,"BlueCross Glengowrie, GLENROY","BlueCross Glengowrie, GLENROY",Northern Metro,Private,-37.70384033,144.95534324,90
Private,Bupa Greensborough,GREENSBOROUGH,Residential aged care,"Bupa Greensborough, GREENSBOROUGH","Bupa Greensborough, GREENSBOROUGH",Northern Metro,Private,-37.681083,145.122106,90
Private,Japara Lower Plenty Garden Views,LOWER PLENTY,Residential aged care,"Japara Lower Plenty Garden Views, LOWER PLENTY","Japara Lower Plenty Garden Views, LOWER PLENTY",Northern Metro,Private,-37.73055119,145.1302464,90
Private,BlueCross The Boulevard,MILL PARK,Residential aged care,"BlueCross The Boulevard, MILL PARK","BlueCross The Boulevard, MILL PARK",Northern Metro,Private,-37.65720855,145.08248523,90
Private,Grace Villa Aged Care,GREENSBOROUGH,Residential aged care,"Grace Villa Aged Care, GREENSBOROUGH","Grace Villa Aged Care, GREENSBOROUGH",Northern Metro,Private,-37.70514434,145.1059752,91
Private,Twin Parks Aged Care Centre,RESERVOIR,Residential aged care,"Twin Parks Aged Care Centre, RESERVOIR","Twin Parks Aged Care Centre, RESERVOIR",Northern Metro,Private,-37.73216616,145.03699089,93
Private,Hilltop Aged Care Home,PRESTON,Residential aged care,"Hilltop Aged Care Home, PRESTON","Hilltop Aged Care Home, PRESTON",Northern Metro,Private,-37.75169375,145.00679515,94
Private,Japara Rosanna Views,ROSANNA,Residential aged care,"Japara Rosanna Views, ROSANNA","Japara Rosanna Views, ROSANNA",Northern Metro,Private,-37.74070731,145.06884242,96
Private,Embracia in Reservoir,RESERVOIR,Residential aged care,"Embracia in Reservoir, RESERVOIR","Embracia in Reservoir, RESERVOIR",Northern Metro,Private,-37.70337678,144.99893775,105
Private,Hope Aged Care,BRUNSWICK,Residential aged care,"Hope Aged Care, BRUNSWICK","Hope Aged Care, BRUNSWICK",Northern Metro,Private,-37.76557543,144.95962373,110
Private,Trinity Manor Greensborough,GREENSBOROUGH,Residential aged care,"Trinity Manor Greensborough, GREENSBOROUGH","Trinity Manor Greensborough, GREENSBOROUGH",Northern Metro,Private,-37.717336,145.105174,112
Private,Arcare Epping,EPPING,Residential aged care,"Arcare Epping, EPPING","Arcare Epping, EPPING",Northern Metro,Private,-37.6484428,145.06510946,120
Private,Aurrum Plenty,PLENTY,Residential aged care,"Aurrum Plenty, PLENTY","Aurrum Plenty, PLENTY",Northern Metro,Private,-37.677151,145.12532,120
Private,Estia Health South Morang,SOUTH MORANG,Residential aged care,"Estia Health South Morang, SOUTH MORANG","Estia Health South Morang, SOUTH MORANG",Northern Metro,Private,-37.6472919,145.09115103,120
Private,Anzac Lodge Private Nursing Home,COBURG NORTH,Residential aged care,"Anzac Lodge Private Nursing Home, COBURG NORTH","Anzac Lodge Private Nursing Home, COBURG NORTH",Northern Metro,Private,-37.72251655,144.96424265,121
Private,BlueCross Monterey,GLENROY,Residential aged care,"BlueCross Monterey, GLENROY","BlueCross Monterey, GLENROY",Northern Metro,Private,-37.7018096,144.91534925,121
Private,Bethel Aged Care,MILL PARK,Residential aged care,"Bethel Aged Care, MILL PARK","Bethel Aged Care, MILL PARK",Northern Metro,Private,-37.65528654,145.08215083,121
Private,Opal Meadowglen,EPPING,Residential aged care,"Opal Meadowglen, EPPING","Opal Meadowglen, EPPING",Northern Metro,Private,-37.64790361,145.06076158,123
Private,Clifton Views,FITZROY NORTH,Residential aged care,"Clifton Views, FITZROY NORTH","Clifton Views, FITZROY NORTH",Northern Metro,Private,-37.786501,144.994315,123
Private,Plumpton Villa Aged Care Facility,GLENROY,Residential aged care,"Plumpton Villa Aged Care Facility, GLENROY","Plumpton Villa Aged Care Facility, GLENROY",Northern Metro,Private,-37.70894582,144.92110463,126
Private,Aurrum Reservoir,RESERVOIR,Residential aged care,"Aurrum Reservoir, RESERVOIR","Aurrum Reservoir, RESERVOIR",Northern Metro,Private,-37.70366673,145.01798825,129
Private,Moran Roxburgh Park,ROXBURGH PARK,Residential aged care,"Moran Roxburgh Park, ROXBURGH PARK","Moran Roxburgh Park, ROXBURGH PARK",Northern Metro,Private,-37.61991585,144.93561848,132
Private,Craigcare Pascoe Vale,PASCOE VALE,Residential aged care,"Craigcare Pascoe Vale, PASCOE VALE","Craigcare Pascoe Vale, PASCOE VALE",Northern Metro,Private,-37.71547763,144.94357545,140
Private,Epping Gardens,EPPING,Residential aged care,"Epping Gardens, EPPING","Epping Gardens, EPPING",Northern Metro,Private,-37.647278,145.008823,148
Private,BlueCross Ivanhoe,IVANHOE,Residential aged care,"BlueCross Ivanhoe, IVANHOE","BlueCross Ivanhoe, IVANHOE",Northern Metro,Private,-37.75825079,145.04452444,180
Private,Arcare Nirvana Avenue,MALVERN EAST,Residential aged care,"Arcare Nirvana Avenue, MALVERN EAST","Arcare Nirvana Avenue, MALVERN EAST",Southern Metro,Private,-37.878129,145.064595,30
Private,Chomley House Hostel,PRAHRAN,Residential aged care,"Chomley House Hostel, PRAHRAN","Chomley House Hostel, PRAHRAN",Southern Metro,Private,-37.854894,145.005869,38
Private,Bupa Windsor,WINDSOR,Residential aged care,"Bupa Windsor, WINDSOR","Bupa Windsor, WINDSOR",Southern Metro,Private,-37.85429375,144.98870025,41
Private,Sheridan Hall Caulfield,CAULFIELD NORTH,Residential aged care,"Sheridan Hall Caulfield, CAULFIELD NORTH","Sheridan Hall Caulfield, CAULFIELD NORTH",Southern Metro,Private,-37.87679609,145.02412381,42
Private,Graceland Manor,ELSTERNWICK,Residential aged care,"Graceland Manor, ELSTERNWICK","Graceland Manor, ELSTERNWICK",Southern Metro,Private,-37.885542,145.010051,45
Private,BlueCross Darnlee,TOORAK,Residential aged care,"BlueCross Darnlee, TOORAK","BlueCross Darnlee, TOORAK",Southern Metro,Private,-37.838166,145.016188,47
Private,Estia Health Prahran,WINDSOR,Residential aged care,"Estia Health Prahran, WINDSOR","Estia Health Prahran, WINDSOR",Southern Metro,Private,-37.8585167,145.00021053,61
Private,Arcare Parkview Malvern East,MALVERN EAST,Residential aged care,"Arcare Parkview Malvern East, MALVERN EAST","Arcare Parkview Malvern East, MALVERN EAST",Southern Metro,Private,-37.8849726,145.073645,67
Private,Victoria by the Park,ELSTERNWICK,Residential aged care,"Victoria by the Park, ELSTERNWICK","Victoria by the Park, ELSTERNWICK",Southern Metro,Private,-37.887482,145.010079,70
Private,Regis Armadale,ARMADALE,Residential aged care,"Regis Armadale, ARMADALE","Regis Armadale, ARMADALE",Southern Metro,Private,-37.86544846,145.02656274,83
Private,Arcare Malvern East,MALVERN EAST,Residential aged care,"Arcare Malvern East, MALVERN EAST","Arcare Malvern East, MALVERN EAST",Southern Metro,Private,-37.87184111,145.06393623,93
Private,Arcare Caulfield,CAULFIELD NORTH,Residential aged care,"Arcare Caulfield, CAULFIELD NORTH","Arcare Caulfield, CAULFIELD NORTH",Southern Metro,Private,-37.873832,145.017107,110
Private,Regis East Malvern,MALVERN EAST,Residential aged care,"Regis East Malvern, MALVERN EAST","Regis East Malvern, MALVERN EAST",Southern Metro,Private,-37.87800106,145.06351711,155
Private,Japara Central Park,WINDSOR,Residential aged care,"Japara Central Park, WINDSOR","Japara Central Park, WINDSOR",Southern Metro,Private,-37.85182895,144.98322014,165
Private,Allanvale Private Nursing Home,ALTONA MEADOWS,Residential aged care,"Allanvale Private Nursing Home, ALTONA MEADOWS","Allanvale Private Nursing Home, ALTONA MEADOWS",Western Metro,Private,-37.87089,144.76362239,31
Private,Bupa Sunshine,SUNSHINE,Residential aged care,"Bupa Sunshine, SUNSHINE","Bupa Sunshine, SUNSHINE",Western Metro,Private,-37.78570836,144.83802318,40
Private,Trevi Court,ESSENDON,Residential aged care,"Trevi Court, ESSENDON","Trevi Court, ESSENDON",Western Metro,Private,-37.744059,144.909699,54
Private,Estia Health Ardeer,ARDEER,Residential aged care,"Estia Health Ardeer, ARDEER","Estia Health Ardeer, ARDEER",Western Metro,Private,-37.779275,144.807895,55
Private,Essendon Aged Care,ESSENDON,Residential aged care,"Essendon Aged Care, ESSENDON","Essendon Aged Care, ESSENDON",Western Metro,Private,-37.755587,144.92497,59
Private,Estia Health Keilor,KEILOR DOWNS,Residential aged care,"Estia Health Keilor, KEILOR DOWNS","Estia Health Keilor, KEILOR DOWNS",Western Metro,Private,-37.723392,144.807309,60
Private,Edenvale Manor Aged Care Facility,KEILOR EAST,Residential aged care,"Edenvale Manor Aged Care Facility, KEILOR EAST","Edenvale Manor Aged Care Facility, KEILOR EAST",Western Metro,Private,-37.744664,144.849696,60
Private,Opal Hobsons Bay,ALTONA NORTH,Residential aged care,"Opal Hobsons Bay, ALTONA NORTH","Opal Hobsons Bay, ALTONA NORTH",Western Metro,Private,-37.832776,144.839428,62
Private,Benlynne Park Nursing Home,SUNSHINE WEST,Residential aged care,"Benlynne Park Nursing Home, SUNSHINE WEST","Benlynne Park Nursing Home, SUNSHINE WEST",Western Metro,Private,-37.787338,144.823781,65
Private,Arcare Hillside,SYDENHAM,Residential aged care,"Arcare Hillside, SYDENHAM","Arcare Hillside, SYDENHAM",Western Metro,Private,-37.70110626,144.759266,70
Private,Japara Yarra West,YARRAVILLE,Residential aged care,"Japara Yarra West, YARRAVILLE","Japara Yarra West, YARRAVILLE",Western Metro,Private,-37.812696,144.894863,70
Private,Florence Aged Care Facility,ALTONA NORTH,Residential aged care,"Florence Aged Care Facility, ALTONA NORTH","Florence Aged Care Facility, ALTONA NORTH",Western Metro,Private,-37.83924966,144.85222626,72
Private,Cumberland Manor,NORTH SUNSHINE,Residential aged care,"Cumberland Manor, NORTH SUNSHINE","Cumberland Manor, NORTH SUNSHINE",Western Metro,Private,-37.775194,144.844029,74
Private,BlueCross Riverlea,AVONDALE HEIGHTS,Residential aged care,"BlueCross Riverlea, AVONDALE HEIGHTS","BlueCross Riverlea, AVONDALE HEIGHTS",Western Metro,Private,-37.75275,144.8539,75
Private,Estia Health Altona Meadows,ALTONA MEADOWS,Residential aged care,"Estia Health Altona Meadows, ALTONA MEADOWS","Estia Health Altona Meadows, ALTONA MEADOWS",Western Metro,Private,-37.87380912,144.78763522,90
Private,Arcare Maidstone,MAIDSTONE,Residential aged care,"Arcare Maidstone, MAIDSTONE","Arcare Maidstone, MAIDSTONE",Western Metro,Private,-37.77797669,144.87613558,90
Private,Westgate Aged Care Facility,NEWPORT,Residential aged care,"Westgate Aged Care Facility, NEWPORT","Westgate Aged Care Facility, NEWPORT",Western Metro,Private,-37.841403,144.879328,90
Private,BlueCross Western Gardens,SUNSHINE,Residential aged care,"BlueCross Western Gardens, SUNSHINE","BlueCross Western Gardens, SUNSHINE",Western Metro,Private,-37.7921242,144.82773174,90
Private,Arcare Sydenham,SYDENHAM,Residential aged care,"Arcare Sydenham, SYDENHAM","Arcare Sydenham, SYDENHAM",Western Metro,Private,-37.697084,144.767234,120
Private,Water Gardens,SYDENHAM,Residential aged care,"Water Gardens, SYDENHAM","Water Gardens, SYDENHAM",Western Metro,Private,-37.702866,144.77517767,137
Private,Craigcare Moonee Ponds,MOONEE PONDS,Residential aged care,"Craigcare Moonee Ponds, MOONEE PONDS","Craigcare Moonee Ponds, MOONEE PONDS",Western Metro,Private,-37.76446185,144.91204314,138
Private,Embracia Moonee Valley,AVONDALE HEIGHTS,Residential aged care,"Embracia Moonee Valley, AVONDALE HEIGHTS","Embracia Moonee Valley, AVONDALE HEIGHTS",Western Metro,Private,-37.75533995,144.8554162,161
Private,Rathdowne Place,CARLTON,Residential aged care,"Rathdowne Place, CARLTON","Rathdowne Place, CARLTON",Western Metro,Private,-37.7935903,144.97091248,162
Private,Marina Residential Aged Care Service,ALTONA NORTH,Residential aged care,"Marina Residential Aged Care Service, ALTONA NORTH","Marina Residential Aged Care Service, ALTONA NORTH",Western Metro,Private,-37.83125055,144.84695718,190
